INSERT INTO lider VALUES('628.944.680-92', 'Maria', 'OFICIAL', 'Non vel.', 'Labore at');
INSERT INTO lider VALUES('560.330.912-79', 'Ana', 'COMANDANTE', 'Iure ab.', 'Non culpa');
INSERT INTO lider VALUES('728.905.699-06', 'Francis', 'COMANDANTE', 'Cum eum.', 'Saepe est');
INSERT INTO lider VALUES('854.255.018-19', 'Antônia', 'OFICIAL', 'Quis ea.', 'Ea est ad');
INSERT INTO lider VALUES('911.655.312-53', 'Adriana', 'OFICIAL', 'Et enim.', 'Iusto non');
INSERT INTO lider VALUES('793.136.070-44', 'Juliano', 'OFICIAL', 'Modi et.', 'Odio quae');
INSERT INTO lider VALUES('265.833.107-42', 'Márcia', 'COMANDANTE', 'A atque.', 'Et est ad');
INSERT INTO lider VALUES('934.175.418-64', 'Fernanda', 'COMANDANTE', 'At a ea.', 'Vero sint');
INSERT INTO lider VALUES('807.297.356-82', 'Patrícia', 'OFICIAL', 'Vero ab.', 'Ad eum at');
INSERT INTO lider VALUES('868.145.815-01', 'Aline', 'OFICIAL', 'Ab illo.', 'Rerum a a');
INSERT INTO lider VALUES('491.338.186-01', 'Sandra', 'OFICIAL', 'Ea quis.', 'Sequi eos');
INSERT INTO lider VALUES('474.507.433-07', 'Camila', 'CIENTISTA', 'Nisi ad.', 'Unde quia');
INSERT INTO lider VALUES('268.046.086-23', 'Amanda', 'CIENTISTA', 'Eius id.', 'In nam ut');
INSERT INTO lider VALUES('937.847.741-00', 'Bruna', 'COMANDANTE', 'Quae id.', 'Quis quae');
INSERT INTO lider VALUES('347.497.954-25', 'Jéssica', 'CIENTISTA', 'Nam aut.', 'Ipsa illo');
INSERT INTO lider VALUES('555.221.203-72', 'Letícia', 'OFICIAL', 'Quo non.', 'Ea fugiat');
INSERT INTO lider VALUES('612.350.884-33', 'Beatriz', 'OFICIAL', 'Aut sed.', 'Amet quis');
INSERT INTO lider VALUES('189.281.935-43', 'Luiza', 'CIENTISTA', 'Modi ad.', 'Modi sint');
INSERT INTO lider VALUES('277.200.064-80', 'Mariana', 'CIENTISTA', 'A iusto.', 'Sunt quia');
INSERT INTO lider VALUES('450.689.532-59', 'Gabriela', 'CIENTISTA', 'Vel aut.', 'Esse quod');
INSERT INTO lider VALUES('399.117.109-12', 'Alice', 'CIENTISTA', 'Ex quod.', 'Sed culpa');
INSERT INTO lider VALUES('987.842.194-49', 'Carla', 'OFICIAL', 'Ex illo.', 'Amet quae');
INSERT INTO lider VALUES('248.240.201-11', 'Isabela', 'COMANDANTE', 'Et quae.', 'Unde quae');
INSERT INTO lider VALUES('114.520.664-59', 'Samara', 'CIENTISTA', 'Vero ab.', 'Vel nihil');
INSERT INTO lider VALUES('425.921.021-30', 'Vanessa', 'COMANDANTE', 'Fuga ab.', 'Alias qui');
INSERT INTO lider VALUES('403.176.319-68', 'Lúcia', 'COMANDANTE', 'Iste at.', 'Porro quo');
INSERT INTO lider VALUES('790.238.067-39', 'Vitória', 'COMANDANTE', 'Ea enim.', 'Ipsam nam');
INSERT INTO lider VALUES('839.345.841-22', 'Cláudia', 'COMANDANTE', 'Id iure.', 'At ab hic');
INSERT INTO lider VALUES('420.948.776-89', 'Bianca', 'OFICIAL', 'Odio ex.', 'Quo at ab');
INSERT INTO lider VALUES('232.900.281-16', 'Natália', 'CIENTISTA', 'A ea et.', 'Omnis aut');
INSERT INTO lider VALUES('676.538.311-85', 'Larissa', 'OFICIAL', 'Iste ut.', 'Eaque vel');
INSERT INTO lider VALUES('147.176.688-46', 'Marcela', 'OFICIAL', 'Ea iure.', 'Et sit in');
INSERT INTO lider VALUES('368.377.745-96', 'Melissa', 'COMANDANTE', 'Nisi in.', 'Ex sunt a');
INSERT INTO lider VALUES('664.366.532-36', 'Yasmin', 'COMANDANTE', 'Ea enim.', 'Nihil aut');
INSERT INTO lider VALUES('225.553.301-72', 'Lorena', 'OFICIAL', 'Nam vel.', 'Fuga a et');
INSERT INTO lider VALUES('961.166.211-44', 'Tatiana', 'CIENTISTA', 'A ea at.', 'Hic quasi');
INSERT INTO lider VALUES('437.098.914-93', 'Rafaela', 'COMANDANTE', 'Odio ex.', 'Ipsam nam');
INSERT INTO lider VALUES('378.372.224-62', 'Daniela', 'OFICIAL', 'Esse in.', 'Veniam at');
INSERT INTO lider VALUES('116.276.771-55', 'Paula', 'OFICIAL', 'Cum eum.', 'Sequi eos');
INSERT INTO lider VALUES('670.597.109-62', 'Marta', 'CIENTISTA', 'Tenetur.', 'Ipsam nam');
INSERT INTO lider VALUES('364.346.510-95', 'Luciana', 'OFICIAL', 'Id esse.', 'Amet quis');
INSERT INTO lider VALUES('166.236.779-68', 'Fátima', 'CIENTISTA', 'Sint et.', 'Amet quis');
INSERT INTO lider VALUES('875.247.710-10', 'Sônia', 'OFICIAL', 'Quas ea.', 'Sed ab et');
INSERT INTO lider VALUES('149.711.357-17', 'Ivone', 'CIENTISTA', 'Est eum.', 'Quia enim');
INSERT INTO lider VALUES('918.986.754-97', 'Caroline', 'COMANDANTE', 'Amet et.', 'Ex ab qui');
INSERT INTO lider VALUES('911.331.662-33', 'Rosana', 'COMANDANTE', 'A et ex.', 'Ab non ea');
INSERT INTO lider VALUES('917.750.677-74', 'Michelle', 'COMANDANTE', 'Odio ad.', 'Sed fugit');
INSERT INTO lider VALUES('811.471.078-91', 'Fabiana', 'OFICIAL', 'Ea vero.', 'Hic hic a');
INSERT INTO lider VALUES('414.141.805-06', 'Isabel', 'OFICIAL', 'Fuga at.', 'Et a quae');
INSERT INTO lider VALUES('987.842.334-68', 'Lídia', 'OFICIAL', 'Fuga ea.', 'Non a quo');
INSERT INTO lider VALUES('226.088.827-79', 'Cristina', 'COMANDANTE', 'Fuga ea.', 'At quidem');
INSERT INTO lider VALUES('915.977.404-82', 'Eliana', 'COMANDANTE', 'Quo sed.', 'Ex eos ut');
INSERT INTO lider VALUES('796.349.675-31', 'Mônica', 'OFICIAL', 'Cum cum.', 'Quia vero');
INSERT INTO lider VALUES('223.732.174-09', 'Irene', 'COMANDANTE', 'Iste ex.', 'Ea cum in');
INSERT INTO lider VALUES('708.070.596-40', 'Viviane', 'CIENTISTA', 'Ab modi.', 'Id non ea');
INSERT INTO lider VALUES('993.658.137-77', 'Sara', 'CIENTISTA', 'Iste ea.', 'Esse enim');
INSERT INTO lider VALUES('257.341.347-27', 'Simone', 'COMANDANTE', 'Cum eum.', 'Nihil quo');
INSERT INTO lider VALUES('267.061.888-87', 'Valéria', 'CIENTISTA', 'Vero ab.', 'Fugit quo');
INSERT INTO lider VALUES('498.244.323-45', 'Sabrina', 'CIENTISTA', 'Ad illo.', 'Rerum a a');
INSERT INTO lider VALUES('798.532.789-50', 'André', 'OFICIAL', 'Id iste.', 'Ad odio a');
INSERT INTO lider VALUES('962.957.648-09', 'Carlos', 'OFICIAL', 'Iure in.', 'Magni hic');
INSERT INTO lider VALUES('529.649.015-82', 'Lucas', 'COMANDANTE', 'Ad ex a.', 'Ea quo ex');
INSERT INTO lider VALUES('849.121.130-97', 'Gabriel', 'CIENTISTA', 'A totam.', 'Ab cum id');
INSERT INTO lider VALUES('229.264.329-34', 'Rafael', 'COMANDANTE', 'Sunt ut.', 'Cum quo a');
INSERT INTO lider VALUES('888.951.819-12', 'Daniel', 'CIENTISTA', 'Ad a ad.', 'Voluptate');
INSERT INTO lider VALUES('148.423.416-34', 'Marcelo', 'OFICIAL', 'Quos ad.', 'Illo fuga');
INSERT INTO lider VALUES('611.054.921-60', 'Bruno', 'COMANDANTE', 'Non qui.', 'Vel saepe');
INSERT INTO lider VALUES('695.914.373-79', 'Eduardo', 'CIENTISTA', 'Sunt ea.', 'Quae quia');
INSERT INTO lider VALUES('351.882.896-84', 'Felipe', 'COMANDANTE', 'Est sed.', 'Fugiat ea');
INSERT INTO lider VALUES('569.203.156-49', 'Guilherme', 'OFICIAL', 'Non qui.', 'Cum ad et');
INSERT INTO lider VALUES('258.968.687-72', 'Ricardo', 'OFICIAL', 'Sit sed.', 'Nam at ab');
INSERT INTO lider VALUES('367.251.493-13', 'Vitor', 'OFICIAL', 'Odio in.', 'Sint quod');
INSERT INTO lider VALUES('438.070.750-19', 'Luis', 'COMANDANTE', 'Quae ut.', 'Nemo nemo');
INSERT INTO lider VALUES('546.610.713-12', 'Fernando', 'OFICIAL', 'In sunt.', 'Quae eius');
INSERT INTO lider VALUES('974.075.070-57', 'Pedro', 'CIENTISTA', 'Hic cum.', 'Ex eos ut');
INSERT INTO lider VALUES('230.034.452-96', 'Gustavo', 'OFICIAL', 'Nisi ad.', 'Error non');
INSERT INTO lider VALUES('154.351.366-45', 'Rodrigo', 'COMANDANTE', 'Est vel.', 'A ea quod');
INSERT INTO lider VALUES('563.273.562-59', 'Leonardo', 'OFICIAL', 'Vel aut.', 'Eius nemo');
INSERT INTO lider VALUES('620.363.024-25', 'Márcio', 'CIENTISTA', 'Ut illo.', 'Est quasi');
INSERT INTO lider VALUES('118.728.527-89', 'Cássio', 'CIENTISTA', 'Debitis.', 'Quam enim');
INSERT INTO lider VALUES('673.988.941-66', 'Tiago', 'COMANDANTE', 'Ab nisi.', 'At quidem');
INSERT INTO lider VALUES('265.270.997-95', 'Diego', 'CIENTISTA', 'Quo nam.', 'Unde quia');
INSERT INTO lider VALUES('547.037.071-57', 'Alexandre', 'OFICIAL', 'Numquam.', 'Esse enim');
INSERT INTO lider VALUES('363.165.007-26', 'Adriano', 'OFICIAL', 'Vel eos.', 'A qui nam');
INSERT INTO lider VALUES('899.530.277-59', 'Antônio', 'OFICIAL', 'Ad quis.', 'Sunt quia');
INSERT INTO lider VALUES('135.808.223-52', 'Ailton', 'OFICIAL', 'A eum a.', 'In libero');
INSERT INTO lider VALUES('940.953.942-78', 'Cícero', 'CIENTISTA', 'Aut eos.', 'A quod id');
INSERT INTO lider VALUES('720.269.986-28', 'Elias', 'CIENTISTA', 'Aperiam.', 'Eius nemo');
INSERT INTO lider VALUES('490.188.997-20', 'Geraldo', 'CIENTISTA', 'At ea a.', 'Itaque ut');
INSERT INTO lider VALUES('200.295.572-11', 'Isaac', 'COMANDANTE', 'Quam ex.', 'Ad magnam');
INSERT INTO lider VALUES('392.339.650-46', 'João', 'COMANDANTE', 'Quae ut.', 'Magni hic');
INSERT INTO lider VALUES('936.450.736-67', 'Kleber', 'COMANDANTE', 'Odit ex.', 'Animi sit');
INSERT INTO lider VALUES('997.052.749-73', 'Lauro', 'CIENTISTA', 'Enim et.', 'Eum ut ea');
INSERT INTO lider VALUES('636.629.413-33', 'Maurício', 'COMANDANTE', 'Ad a ad.', 'Quos ipsa');
INSERT INTO lider VALUES('266.879.459-93', 'Nelson', 'OFICIAL', 'In quae.', 'Alias eum');
INSERT INTO lider VALUES('817.083.950-52', 'Óscar', 'OFICIAL', 'Sit eum.', 'Totam sed');
INSERT INTO lider VALUES('265.284.787-59', 'Paulo', 'OFICIAL', 'Quo rem.', 'Nihil aut');
INSERT INTO lider VALUES('815.867.012-49', 'Queiroz', 'CIENTISTA', 'Ab a ad.', 'Eos velit');
INSERT INTO lider VALUES('739.581.873-45', 'Roberto', 'CIENTISTA', 'Quis ad.', 'Ea est ad');
INSERT INTO lider VALUES('724.826.342-67', 'Sérgio', 'COMANDANTE', 'A iusto.', 'Nihil non');
INSERT INTO lider VALUES('470.984.733-91', 'Túlio', 'CIENTISTA', 'Modi ad.', 'Odit quod');
INSERT INTO lider VALUES('453.872.915-45', 'Urbano', 'OFICIAL', 'Cum non.', 'Eos at ab');
INSERT INTO lider VALUES('453.668.806-28', 'Valdir', 'OFICIAL', 'Illo et.', 'Et qui ea');
INSERT INTO lider VALUES('275.259.475-95', 'Wilson', 'COMANDANTE', 'Esse at.', 'Eum ut ea');
INSERT INTO lider VALUES('301.603.609-45', 'Xavier', 'CIENTISTA', 'Aperiam.', 'Unde quae');
INSERT INTO lider VALUES('676.164.189-00', 'Yuri', 'OFICIAL', 'At nemo.', 'A quod id');
INSERT INTO lider VALUES('160.807.040-47', 'Zé', 'COMANDANTE', 'Id quis.', 'Ad quidem');
INSERT INTO lider VALUES('129.872.484-94', 'Maria Jr', 'CIENTISTA', 'Vel eos.', 'Unde quas');
INSERT INTO lider VALUES('501.654.982-36', 'Maria Neto', 'OFICIAL', 'Odio ad.', 'Ex eos ut');
INSERT INTO lider VALUES('753.717.159-16', 'Maria Filho', 'COMANDANTE', 'Ab quae.', 'A ea quod');
INSERT INTO lider VALUES('120.858.165-11', 'Ana Jr', 'OFICIAL', 'Et amet.', 'Ex ab qui');
INSERT INTO lider VALUES('345.851.718-39', 'Ana Neto', 'OFICIAL', 'Quo hic.', 'At quidem');
INSERT INTO lider VALUES('122.940.435-48', 'Ana Filho', 'OFICIAL', 'Sint ad.', 'At a modi');
INSERT INTO lider VALUES('128.475.622-79', 'Francis Jr', 'COMANDANTE', 'A ex et.', 'Ea est ad');
INSERT INTO lider VALUES('334.578.162-21', 'Francis Neto', 'COMANDANTE', 'Ea vero.', 'Vero sint');
INSERT INTO lider VALUES('371.757.727-76', 'Francis Filho', 'OFICIAL', 'Non sit.', 'Et vel ab');
INSERT INTO lider VALUES('459.880.730-60', 'Antônia Jr', 'OFICIAL', 'Nobis a.', 'Non at ad');
INSERT INTO lider VALUES('120.199.524-85', 'Antônia Neto', 'CIENTISTA', 'Ex enim.', 'Ad odio a');
INSERT INTO lider VALUES('415.678.392-99', 'Antônia Filho', 'CIENTISTA', 'In sunt.', 'Illo fuga');
INSERT INTO lider VALUES('132.394.069-57', 'Adriana Jr', 'COMANDANTE', 'Ex quod.', 'Vel dicta');
INSERT INTO lider VALUES('298.484.855-17', 'Adriana Neto', 'COMANDANTE', 'Ad quos.', 'A ea sint');
INSERT INTO lider VALUES('257.602.057-45', 'Adriana Filho', 'CIENTISTA', 'Id esse.', 'A quod id');
INSERT INTO lider VALUES('473.639.175-52', 'Juliano Jr', 'OFICIAL', 'A id ad.', 'Dicta est');
INSERT INTO lider VALUES('349.937.082-24', 'Juliano Neto', 'OFICIAL', 'Odit ad.', 'Error non');
INSERT INTO lider VALUES('886.492.574-99', 'Juliano Filho', 'CIENTISTA', 'Et a in.', 'Non culpa');
INSERT INTO lider VALUES('194.417.545-05', 'Márcia Jr', 'CIENTISTA', 'A atque.', 'Dolore ab');
INSERT INTO lider VALUES('519.724.858-12', 'Márcia Neto', 'CIENTISTA', 'Eum qui.', 'Et a odio');
INSERT INTO lider VALUES('574.210.308-46', 'Márcia Filho', 'CIENTISTA', 'Ad nemo.', 'Placeat a');
INSERT INTO lider VALUES('790.156.436-57', 'Fernanda Jr', 'CIENTISTA', 'Nemo ad.', 'A et iure');
INSERT INTO lider VALUES('694.834.743-81', 'Fernanda Neto', 'OFICIAL', 'Qui eos.', 'Voluptate');
INSERT INTO lider VALUES('613.711.914-47', 'Fernanda Filho', 'CIENTISTA', 'Rem vel.', 'Fugit quo');
INSERT INTO lider VALUES('333.452.395-30', 'Patrícia Jr', 'CIENTISTA', 'Ut ipsa.', 'At eos ut');
INSERT INTO lider VALUES('869.641.717-98', 'Patrícia Neto', 'OFICIAL', 'Vel sit.', 'A ea quod');
INSERT INTO lider VALUES('469.043.974-80', 'Patrícia Filho', 'OFICIAL', 'Quos ut.', 'Sed quo a');
INSERT INTO lider VALUES('420.009.509-25', 'Aline Jr', 'OFICIAL', 'Odit ut.', 'Id non ea');
INSERT INTO lider VALUES('644.094.551-82', 'Aline Neto', 'OFICIAL', 'Natus a.', 'Ab eos ea');
INSERT INTO lider VALUES('566.044.875-65', 'Aline Filho', 'COMANDANTE', 'At quas.', 'Labore at');
INSERT INTO lider VALUES('540.592.881-23', 'Sandra Jr', 'OFICIAL', 'Est vel.', 'Odio enim');
INSERT INTO lider VALUES('123.871.042-91', 'Sandra Neto', 'CIENTISTA', 'Ut illo.', 'Enim quod');
INSERT INTO lider VALUES('761.701.049-31', 'Sandra Filho', 'CIENTISTA', 'In quia.', 'A ea sint');
INSERT INTO lider VALUES('722.376.037-17', 'Camila Jr', 'COMANDANTE', 'Aut vel.', 'Quam iste');
INSERT INTO lider VALUES('624.913.568-60', 'Camila Neto', 'CIENTISTA', 'Ad unde.', 'Sint quod');
INSERT INTO lider VALUES('901.610.979-06', 'Camila Filho', 'OFICIAL', 'At vero.', 'Esse enim');
INSERT INTO lider VALUES('595.249.325-97', 'Amanda Jr', 'OFICIAL', 'Nam vel.', 'Porro quo');
INSERT INTO lider VALUES('463.085.594-46', 'Amanda Neto', 'OFICIAL', 'Id iste.', 'At modi a');
INSERT INTO lider VALUES('537.768.161-93', 'Amanda Filho', 'COMANDANTE', 'Nisi in.', 'Quia enim');
INSERT INTO lider VALUES('365.924.659-92', 'Bruna Jr', 'CIENTISTA', 'Sint ea.', 'Odio enim');
INSERT INTO lider VALUES('904.214.801-95', 'Bruna Neto', 'CIENTISTA', 'Est vel.', 'Ea cum in');
INSERT INTO lider VALUES('270.961.630-03', 'Bruna Filho', 'COMANDANTE', 'Numquam.', 'Vel nihil');
INSERT INTO lider VALUES('330.248.088-66', 'Jéssica Jr', 'OFICIAL', 'A ea at.', 'Ut a nemo');
INSERT INTO lider VALUES('449.034.080-44', 'Jéssica Neto', 'COMANDANTE', 'Iste ut.', 'Esse enim');
INSERT INTO lider VALUES('312.347.032-05', 'Jéssica Filho', 'CIENTISTA', 'Ut quod.', 'Vel saepe');
INSERT INTO lider VALUES('137.483.027-39', 'Letícia Jr', 'CIENTISTA', 'Quae at.', 'Nam at ab');
INSERT INTO lider VALUES('721.856.040-10', 'Letícia Neto', 'OFICIAL', 'Ea modi.', 'Ad odio a');
INSERT INTO lider VALUES('781.255.813-88', 'Letícia Filho', 'COMANDANTE', 'Non vel.', 'Ea vel at');
INSERT INTO lider VALUES('207.019.700-01', 'Beatriz Jr', 'CIENTISTA', 'Quam ea.', 'Ad odio a');
INSERT INTO lider VALUES('278.315.317-31', 'Beatriz Neto', 'CIENTISTA', 'At esse.', 'Enim quod');
INSERT INTO lider VALUES('443.336.169-16', 'Beatriz Filho', 'COMANDANTE', 'Ab quos.', 'Animi sit');
INSERT INTO lider VALUES('942.084.930-99', 'Luiza Jr', 'CIENTISTA', 'Et quae.', 'Ut eos et');
INSERT INTO lider VALUES('717.632.533-37', 'Luiza Neto', 'OFICIAL', 'Eius id.', 'Nam nulla');
INSERT INTO lider VALUES('700.867.267-36', 'Luiza Filho', 'OFICIAL', 'Odit ut.', 'Itaque ut');
INSERT INTO lider VALUES('918.630.658-08', 'Mariana Jr', 'CIENTISTA', 'Hic sit.', 'In libero');
INSERT INTO lider VALUES('384.563.703-78', 'Mariana Neto', 'OFICIAL', 'Est eum.', 'Et est ad');
INSERT INTO lider VALUES('325.050.495-77', 'Mariana Filho', 'CIENTISTA', 'At quam.', 'Et est ad');
INSERT INTO lider VALUES('658.460.670-02', 'Gabriela Jr', 'OFICIAL', 'Ab a ad.', 'Nam at ab');
INSERT INTO lider VALUES('155.459.164-32', 'Gabriela Neto', 'COMANDANTE', 'Eos eos.', 'Ea cum in');
INSERT INTO lider VALUES('205.399.842-90', 'Gabriela Filho', 'CIENTISTA', 'Et eius.', 'Ea quo ex');
INSERT INTO lider VALUES('899.940.150-16', 'Alice Jr', 'CIENTISTA', 'Odio et.', 'Esse quod');
INSERT INTO lider VALUES('835.074.044-83', 'Alice Neto', 'COMANDANTE', 'Ab quia.', 'Quasi eum');
INSERT INTO lider VALUES('482.613.358-33', 'Alice Filho', 'COMANDANTE', 'Fuga ab.', 'Iusto sed');
INSERT INTO lider VALUES('929.255.612-83', 'Carla Jr', 'CIENTISTA', 'Odit ut.', 'Eos at ab');
INSERT INTO lider VALUES('247.710.516-06', 'Carla Neto', 'OFICIAL', 'At esse.', 'Ex ab qui');
INSERT INTO lider VALUES('484.085.019-92', 'Carla Filho', 'CIENTISTA', 'Ex enim.', 'Ab eos ea');
INSERT INTO lider VALUES('204.700.946-17', 'Isabela Jr', 'CIENTISTA', 'Quos at.', 'Voluptate');
INSERT INTO lider VALUES('561.044.721-57', 'Isabela Neto', 'CIENTISTA', 'Id iste.', 'Fugiat ea');
INSERT INTO lider VALUES('404.570.170-69', 'Isabela Filho', 'CIENTISTA', 'Qui vel.', 'Nam nulla');
INSERT INTO lider VALUES('140.835.959-88', 'Samara Jr', 'CIENTISTA', 'At unde.', 'At ab hic');
INSERT INTO lider VALUES('347.229.863-80', 'Samara Neto', 'OFICIAL', 'Rerum a.', 'Quidem ad');
INSERT INTO lider VALUES('482.942.410-24', 'Samara Filho', 'COMANDANTE', 'Quis ea.', 'A ea quod');
INSERT INTO lider VALUES('748.163.925-89', 'Vanessa Jr', 'OFICIAL', 'Quia ab.', 'Nam a quo');
INSERT INTO lider VALUES('536.404.104-54', 'Vanessa Neto', 'OFICIAL', 'Id a ad.', 'Eos at ab');
INSERT INTO lider VALUES('862.807.656-93', 'Vanessa Filho', 'COMANDANTE', 'Sint ex.', 'Sed quo a');
INSERT INTO lider VALUES('457.105.792-66', 'Lúcia Jr', 'OFICIAL', 'Ut fuga.', 'Ex ab qui');
INSERT INTO lider VALUES('824.342.394-16', 'Lúcia Neto', 'COMANDANTE', 'At nemo.', 'Nihil aut');
INSERT INTO lider VALUES('160.698.521-14', 'Lúcia Filho', 'COMANDANTE', 'Rerum a.', 'Totam hic');
INSERT INTO lider VALUES('980.403.574-76', 'Vitória Jr', 'OFICIAL', 'Tempore.', 'Hic hic a');
INSERT INTO lider VALUES('841.614.418-48', 'Vitória Neto', 'COMANDANTE', 'Eos eos.', 'Eum ut at');
INSERT INTO lider VALUES('249.667.232-13', 'Vitória Filho', 'COMANDANTE', 'Quam ea.', 'Dicta est');
INSERT INTO lider VALUES('434.977.974-28', 'Cláudia Jr', 'CIENTISTA', 'Unde ex.', 'Sed culpa');
INSERT INTO lider VALUES('123.658.355-50', 'Cláudia Neto', 'CIENTISTA', 'Odio ex.', 'Hic quasi');
INSERT INTO lider VALUES('706.168.539-49', 'Cláudia Filho', 'COMANDANTE', 'Ab quia.', 'Fugit quo');
INSERT INTO lider VALUES('517.324.935-14', 'Bianca Jr', 'CIENTISTA', 'Ab quae.', 'Animi sit');
INSERT INTO lider VALUES('780.096.214-72', 'Bianca Neto', 'OFICIAL', 'Ad unde.', 'Sequi eos');
INSERT INTO lider VALUES('295.475.346-56', 'Bianca Filho', 'OFICIAL', 'Ut illo.', 'Ipsa nemo');
INSERT INTO lider VALUES('309.565.467-01', 'Natália Jr', 'COMANDANTE', 'Iure in.', 'Animi sit');
INSERT INTO lider VALUES('821.026.972-47', 'Natália Neto', 'OFICIAL', 'Ea quod.', 'Ea cum in');
INSERT INTO lider VALUES('517.730.709-06', 'Natália Filho', 'CIENTISTA', 'A et ex.', 'In hic ut');
INSERT INTO lider VALUES('308.961.351-57', 'Larissa Jr', 'OFICIAL', 'Debitis.', 'Unde et a');
INSERT INTO lider VALUES('544.319.690-18', 'Larissa Neto', 'CIENTISTA', 'Odit et.', 'Ad et eos');
INSERT INTO lider VALUES('430.605.040-30', 'Larissa Filho', 'CIENTISTA', 'Unde ea.', 'At modi a');
INSERT INTO lider VALUES('160.592.329-14', 'Marcela Jr', 'OFICIAL', 'At vero.', 'Vero sint');
INSERT INTO lider VALUES('994.244.298-16', 'Marcela Neto', 'COMANDANTE', 'Id a ad.', 'Ab id aut');
INSERT INTO lider VALUES('792.617.003-35', 'Marcela Filho', 'CIENTISTA', 'Ab nisi.', 'Fuga a et');
INSERT INTO lider VALUES('247.760.026-64', 'Melissa Jr', 'CIENTISTA', 'Odit ex.', 'A et iure');
INSERT INTO lider VALUES('302.827.417-95', 'Melissa Neto', 'OFICIAL', 'Sunt ea.', 'At in aut');
INSERT INTO lider VALUES('485.224.362-57', 'Melissa Filho', 'OFICIAL', 'Et fuga.', 'Non culpa');
INSERT INTO lider VALUES('213.809.617-78', 'Yasmin Jr', 'OFICIAL', 'Odio at.', 'Vero sint');
INSERT INTO lider VALUES('570.476.713-07', 'Yasmin Neto', 'CIENTISTA', 'At quas.', 'Et qui ea');
INSERT INTO lider VALUES('917.585.640-86', 'Yasmin Filho', 'COMANDANTE', 'Amet et.', 'Alias qui');
INSERT INTO lider VALUES('662.227.511-33', 'Lorena Jr', 'COMANDANTE', 'At ea a.', 'Fuga a et');
INSERT INTO lider VALUES('333.804.213-46', 'Lorena Neto', 'CIENTISTA', 'Quo nam.', 'Natus cum');
INSERT INTO lider VALUES('531.472.026-62', 'Lorena Filho', 'COMANDANTE', 'Aliquid.', 'Eum culpa');
INSERT INTO lider VALUES('674.445.050-66', 'Tatiana Jr', 'COMANDANTE', 'Quos ut.', 'Sed ab et');
INSERT INTO lider VALUES('890.791.600-99', 'Tatiana Neto', 'CIENTISTA', 'Eos qui.', 'Maxime ab');
INSERT INTO lider VALUES('193.418.517-54', 'Tatiana Filho', 'CIENTISTA', 'Eum cum.', 'Itaque ut');
INSERT INTO lider VALUES('429.988.117-55', 'Rafaela Jr', 'OFICIAL', 'Sit non.', 'Ipsa unde');
INSERT INTO lider VALUES('711.267.839-05', 'Rafaela Neto', 'CIENTISTA', 'Fugit a.', 'Ex ex sed');
INSERT INTO lider VALUES('735.854.148-80', 'Rafaela Filho', 'OFICIAL', 'Iusto a.', 'Et est ad');
INSERT INTO lider VALUES('704.467.765-92', 'Daniela Jr', 'OFICIAL', 'Nemo et.', 'Eos error');
INSERT INTO lider VALUES('712.037.058-42', 'Daniela Neto', 'OFICIAL', 'Odio et.', 'Eum ut ea');
INSERT INTO lider VALUES('780.895.573-30', 'Daniela Filho', 'COMANDANTE', 'In iste.', 'Vero sint');
INSERT INTO lider VALUES('597.010.295-28', 'Paula Jr', 'CIENTISTA', 'Numquam.', 'Quam iste');
INSERT INTO lider VALUES('460.597.111-01', 'Paula Neto', 'COMANDANTE', 'Eius et.', 'Odio quae');
INSERT INTO lider VALUES('955.154.486-54', 'Paula Filho', 'CIENTISTA', 'Quos ex.', 'Eos at ab');
INSERT INTO lider VALUES('925.927.295-98', 'Marta Jr', 'OFICIAL', 'In quae.', 'A quia et');
INSERT INTO lider VALUES('924.209.893-07', 'Marta Neto', 'OFICIAL', 'A autem.', 'Odit quod');
INSERT INTO lider VALUES('985.942.579-77', 'Marta Filho', 'COMANDANTE', 'Quam ex.', 'Eum ut at');
INSERT INTO lider VALUES('874.527.108-92', 'Luciana Jr', 'OFICIAL', 'Cum cum.', 'Hic quasi');
INSERT INTO lider VALUES('525.615.273-86', 'Luciana Neto', 'OFICIAL', 'Fuga in.', 'A qui nam');
INSERT INTO lider VALUES('280.422.762-77', 'Luciana Filho', 'CIENTISTA', 'Fuga ut.', 'Sed ab et');
INSERT INTO lider VALUES('450.664.512-90', 'Fátima Jr', 'OFICIAL', 'Numquam.', 'Et vel ab');
INSERT INTO lider VALUES('263.390.543-64', 'Fátima Neto', 'OFICIAL', 'At quam.', 'Ipsa unde');
INSERT INTO lider VALUES('596.382.797-31', 'Fátima Filho', 'COMANDANTE', 'Fuga at.', 'A et iure');
INSERT INTO lider VALUES('841.502.849-80', 'Sônia Jr', 'COMANDANTE', 'Sint ex.', 'Placeat a');
INSERT INTO lider VALUES('472.474.201-20', 'Sônia Neto', 'CIENTISTA', 'Eum cum.', 'In nam ut');
INSERT INTO lider VALUES('612.831.631-99', 'Sônia Filho', 'COMANDANTE', 'Et eius.', 'Nam at ab');
INSERT INTO lider VALUES('917.118.586-70', 'Ivone Jr', 'CIENTISTA', 'Non sit.', 'Id non ea');
INSERT INTO lider VALUES('968.501.107-96', 'Ivone Neto', 'COMANDANTE', 'Quas ex.', 'Nihil aut');
INSERT INTO lider VALUES('971.972.428-23', 'Ivone Filho', 'OFICIAL', 'Ut fuga.', 'Saepe est');
INSERT INTO lider VALUES('488.145.305-39', 'Caroline Jr', 'OFICIAL', 'Ut fuga.', 'Ipsam est');
INSERT INTO lider VALUES('294.886.142-74', 'Caroline Neto', 'OFICIAL', 'Sint ex.', 'Placeat a');
INSERT INTO lider VALUES('870.773.718-00', 'Caroline Filho', 'OFICIAL', 'Nemo et.', 'Fugit quo');
INSERT INTO lider VALUES('696.373.981-09', 'Rosana Jr', 'CIENTISTA', 'Hic sit.', 'In hic ut');
INSERT INTO lider VALUES('684.787.809-77', 'Rosana Neto', 'OFICIAL', 'Iste at.', 'Placeat a');
INSERT INTO lider VALUES('710.627.083-34', 'Rosana Filho', 'OFICIAL', 'Amet et.', 'Totam hic');
INSERT INTO lider VALUES('601.896.145-72', 'Michelle Jr', 'CIENTISTA', 'Non est.', 'Eum culpa');
INSERT INTO lider VALUES('617.996.682-13', 'Michelle Neto', 'OFICIAL', 'Ut illo.', 'Ex facere');
INSERT INTO lider VALUES('736.694.159-02', 'Michelle Filho', 'COMANDANTE', 'Quas ut.', 'Et ad non');
INSERT INTO lider VALUES('943.509.797-90', 'Fabiana Jr', 'COMANDANTE', 'Sit eum.', 'Nam a quo');
INSERT INTO lider VALUES('381.946.477-27', 'Fabiana Neto', 'COMANDANTE', 'Vero ab.', 'In libero');
INSERT INTO lider VALUES('382.882.999-62', 'Fabiana Filho', 'COMANDANTE', 'Ut quas.', 'Saepe sed');
INSERT INTO lider VALUES('125.597.216-44', 'Isabel Jr', 'OFICIAL', 'Quo qui.', 'Et a quae');
INSERT INTO lider VALUES('466.799.461-08', 'Isabel Neto', 'COMANDANTE', 'Sunt ad.', 'Fugiat ea');
INSERT INTO lider VALUES('105.660.905-61', 'Isabel Filho', 'OFICIAL', 'In iste.', 'Nam nulla');
INSERT INTO lider VALUES('113.905.878-65', 'Lídia Jr', 'COMANDANTE', 'Cum eum.', 'Ad odio a');
INSERT INTO lider VALUES('805.274.885-74', 'Lídia Neto', 'COMANDANTE', 'Iure ad.', 'A ea sint');
INSERT INTO lider VALUES('802.744.222-88', 'Lídia Filho', 'CIENTISTA', 'Odit ad.', 'Nihil non');
INSERT INTO lider VALUES('422.287.417-82', 'Cristina Jr', 'CIENTISTA', 'Placeat.', 'Ut eos et');
INSERT INTO lider VALUES('714.250.345-53', 'Cristina Neto', 'CIENTISTA', 'Ut quam.', 'Iusto sed');
INSERT INTO lider VALUES('787.134.069-10', 'Cristina Filho', 'OFICIAL', 'A totam.', 'Et sit in');
INSERT INTO lider VALUES('740.366.774-43', 'Eliana Jr', 'COMANDANTE', 'Est eum.', 'Sint eius');
INSERT INTO lider VALUES('297.924.867-41', 'Eliana Neto', 'COMANDANTE', 'Ad quos.', 'Odio enim');
INSERT INTO lider VALUES('985.807.691-45', 'Eliana Filho', 'CIENTISTA', 'Ut a id.', 'Eum dolor');
INSERT INTO lider VALUES('812.852.552-11', 'Mônica Jr', 'OFICIAL', 'Sint ex.', 'Unde quia');
INSERT INTO lider VALUES('684.348.631-25', 'Mônica Neto', 'COMANDANTE', 'Quae ex.', 'Esse enim');
INSERT INTO lider VALUES('667.580.918-75', 'Mônica Filho', 'OFICIAL', 'Sint in.', 'Est saepe');
INSERT INTO lider VALUES('634.873.705-05', 'Irene Jr', 'OFICIAL', 'Ab esse.', 'Non a quo');
INSERT INTO lider VALUES('547.826.104-20', 'Irene Neto', 'CIENTISTA', 'Fugit a.', 'Quis quae');
INSERT INTO lider VALUES('312.755.178-68', 'Irene Filho', 'CIENTISTA', 'At vero.', 'Modi sint');
INSERT INTO lider VALUES('189.565.717-40', 'Viviane Jr', 'OFICIAL', 'Et illo.', 'Quis quae');
INSERT INTO lider VALUES('306.663.917-41', 'Viviane Neto', 'CIENTISTA', 'Esse in.', 'Nam nulla');
INSERT INTO lider VALUES('871.231.154-93', 'Viviane Filho', 'CIENTISTA', 'Ut quas.', 'Ex facere');
INSERT INTO lider VALUES('590.090.499-13', 'Sara Jr', 'CIENTISTA', 'Quis ab.', 'Ad odio a');
INSERT INTO lider VALUES('528.139.460-85', 'Sara Neto', 'CIENTISTA', 'Odio ut.', 'Omnis aut');
INSERT INTO lider VALUES('877.543.723-65', 'Sara Filho', 'CIENTISTA', 'Quas ut.', 'Fugit quo');
INSERT INTO lider VALUES('772.451.703-71', 'Simone Jr', 'COMANDANTE', 'Odit ad.', 'Quia vero');
INSERT INTO lider VALUES('866.452.952-00', 'Simone Neto', 'OFICIAL', 'Quae ex.', 'Quae eius');
INSERT INTO lider VALUES('425.305.118-28', 'Simone Filho', 'OFICIAL', 'Rem a a.', 'At quidem');
INSERT INTO lider VALUES('857.748.159-15', 'Valéria Jr', 'COMANDANTE', 'At ab a.', 'Cum ad et');
INSERT INTO lider VALUES('315.991.894-62', 'Valéria Neto', 'OFICIAL', 'Quam ex.', 'Et vel ab');
INSERT INTO lider VALUES('115.076.341-28', 'Valéria Filho', 'COMANDANTE', 'Et iste.', 'At a modi');
INSERT INTO lider VALUES('643.628.812-55', 'Sabrina Jr', 'COMANDANTE', 'Enim ex.', 'A quia et');
INSERT INTO lider VALUES('141.738.935-50', 'Sabrina Neto', 'COMANDANTE', 'Nam aut.', 'Esse quae');
INSERT INTO lider VALUES('674.503.175-15', 'Sabrina Filho', 'OFICIAL', 'Nemo ad.', 'Et est ad');
INSERT INTO lider VALUES('502.440.715-89', 'André Jr', 'CIENTISTA', 'At ipsa.', 'Quo optio');
INSERT INTO lider VALUES('211.506.962-20', 'André Neto', 'COMANDANTE', 'Sunt ea.', 'Et est ad');
INSERT INTO lider VALUES('948.446.560-51', 'André Filho', 'COMANDANTE', 'Est eum.', 'At eos ut');
INSERT INTO lider VALUES('762.456.390-18', 'Carlos Jr', 'CIENTISTA', 'Id quas.', 'Animi sit');
INSERT INTO lider VALUES('369.430.464-45', 'Carlos Neto', 'CIENTISTA', 'Quae ex.', 'Vel et ut');
INSERT INTO lider VALUES('247.313.668-88', 'Carlos Filho', 'OFICIAL', 'Sint ad.', 'Ipsam nam');
INSERT INTO lider VALUES('156.196.184-97', 'Lucas Jr', 'COMANDANTE', 'Fuga at.', 'Ipsa nemo');
INSERT INTO lider VALUES('102.352.867-33', 'Lucas Neto', 'COMANDANTE', 'Ab modi.', 'Labore at');
INSERT INTO lider VALUES('304.756.103-04', 'Lucas Filho', 'OFICIAL', 'Quam in.', 'Eum dolor');
INSERT INTO lider VALUES('105.153.288-54', 'Gabriel Jr', 'OFICIAL', 'A ea et.', 'A qui nam');
INSERT INTO lider VALUES('620.944.559-32', 'Gabriel Neto', 'CIENTISTA', 'Fuga ad.', 'Unde iste');
INSERT INTO lider VALUES('201.110.710-23', 'Gabriel Filho', 'OFICIAL', 'Ipsa ab.', 'A ea quod');
INSERT INTO lider VALUES('702.100.364-46', 'Rafael Jr', 'COMANDANTE', 'Sint et.', 'At ab hic');
INSERT INTO lider VALUES('891.531.732-98', 'Rafael Neto', 'OFICIAL', 'Illo ad.', 'Animi sit');
INSERT INTO lider VALUES('241.283.602-42', 'Rafael Filho', 'OFICIAL', 'Sint ut.', 'Eum dolor');
INSERT INTO lider VALUES('956.743.510-88', 'Daniel Jr', 'OFICIAL', 'Et enim.', 'Sed quo a');
INSERT INTO lider VALUES('405.194.497-84', 'Daniel Neto', 'OFICIAL', 'Sed non.', 'Ea vel at');
INSERT INTO lider VALUES('208.403.365-93', 'Daniel Filho', 'OFICIAL', 'Quam ex.', 'Et vel ab');
INSERT INTO lider VALUES('539.013.177-10', 'Marcelo Jr', 'COMANDANTE', 'Cum non.', 'Eius nemo');
INSERT INTO lider VALUES('256.045.811-27', 'Marcelo Neto', 'CIENTISTA', 'Sed est.', 'Nemo nemo');
INSERT INTO lider VALUES('587.451.956-09', 'Marcelo Filho', 'CIENTISTA', 'Non est.', 'Saepe sed');
INSERT INTO lider VALUES('238.996.688-69', 'Bruno Jr', 'COMANDANTE', 'Iste in.', 'Quam enim');
INSERT INTO lider VALUES('923.495.512-58', 'Bruno Neto', 'COMANDANTE', 'At quam.', 'Alias eum');
INSERT INTO lider VALUES('771.215.288-85', 'Bruno Filho', 'OFICIAL', 'Esse id.', 'Error non');
INSERT INTO lider VALUES('983.238.196-75', 'Eduardo Jr', 'CIENTISTA', 'Et fuga.', 'Sint eius');
INSERT INTO lider VALUES('556.435.512-00', 'Eduardo Neto', 'COMANDANTE', 'Cum eos.', 'Modi sint');
INSERT INTO lider VALUES('721.435.428-71', 'Eduardo Filho', 'CIENTISTA', 'At esse.', 'Odio enim');
INSERT INTO lider VALUES('168.350.958-08', 'Felipe Jr', 'OFICIAL', 'Hic nam.', 'Ab dolore');
INSERT INTO lider VALUES('714.627.337-04', 'Felipe Neto', 'OFICIAL', 'Sit sed.', 'Amet quis');
INSERT INTO lider VALUES('198.229.210-69', 'Felipe Filho', 'CIENTISTA', 'Modi et.', 'Rerum nam');
INSERT INTO lider VALUES('812.710.301-24', 'Guilherme Jr', 'OFICIAL', 'Aut quo.', 'Error non');
INSERT INTO lider VALUES('181.427.287-26', 'Guilherme Neto', 'OFICIAL', 'Id iure.', 'Quo at ab');
INSERT INTO lider VALUES('929.853.255-67', 'Guilherme Filho', 'OFICIAL', 'Ex quis.', 'Quasi eum');
INSERT INTO lider VALUES('184.083.535-22', 'Ricardo Jr', 'OFICIAL', 'Ad quae.', 'Rerum a a');
INSERT INTO lider VALUES('790.816.675-86', 'Ricardo Neto', 'CIENTISTA', 'Ex modi.', 'Illo fuga');
INSERT INTO lider VALUES('806.067.789-61', 'Ricardo Filho', 'CIENTISTA', 'In nisi.', 'Et est ad');
INSERT INTO lider VALUES('588.075.700-84', 'Vitor Jr', 'OFICIAL', 'Iure id.', 'Facere ea');
INSERT INTO lider VALUES('562.759.738-88', 'Vitor Neto', 'CIENTISTA', 'Id sint.', 'Ad odio a');
INSERT INTO lider VALUES('992.890.497-72', 'Vitor Filho', 'CIENTISTA', 'Quia ex.', 'Unde quae');
INSERT INTO lider VALUES('243.009.129-21', 'Luis Jr', 'CIENTISTA', 'At a ea.', 'Ea cum in');
INSERT INTO lider VALUES('535.955.214-86', 'Luis Neto', 'COMANDANTE', 'Sit non.', 'Ipsa unde');
INSERT INTO lider VALUES('611.820.362-91', 'Luis Filho', 'OFICIAL', 'Ab sint.', 'Et a quae');
INSERT INTO lider VALUES('226.186.233-78', 'Fernando Jr', 'OFICIAL', 'Sed aut.', 'Ad et eos');
INSERT INTO lider VALUES('826.384.109-99', 'Fernando Neto', 'COMANDANTE', 'Non est.', 'Esse quod');
INSERT INTO lider VALUES('594.285.816-82', 'Fernando Filho', 'COMANDANTE', 'Et enim.', 'Sed culpa');
INSERT INTO lider VALUES('538.696.234-44', 'Pedro Jr', 'OFICIAL', 'Id ab a.', 'Ad magnam');
INSERT INTO lider VALUES('314.747.360-72', 'Pedro Neto', 'COMANDANTE', 'Cum non.', 'Quam iste');
INSERT INTO lider VALUES('791.538.730-02', 'Pedro Filho', 'CIENTISTA', 'Quae et.', 'Ab id aut');
INSERT INTO lider VALUES('557.926.374-03', 'Gustavo Jr', 'CIENTISTA', 'Cum cum.', 'Ab non ea');
INSERT INTO lider VALUES('287.978.687-05', 'Gustavo Neto', 'COMANDANTE', 'Eos qui.', 'At quidem');
INSERT INTO lider VALUES('161.747.602-87', 'Gustavo Filho', 'OFICIAL', 'Quos ad.', 'Quae quia');
INSERT INTO lider VALUES('742.938.934-89', 'Rodrigo Jr', 'CIENTISTA', 'Quae at.', 'Ex sunt a');
INSERT INTO lider VALUES('840.194.790-28', 'Rodrigo Neto', 'COMANDANTE', 'Quam ex.', 'Nam at ab');
INSERT INTO lider VALUES('580.779.333-98', 'Rodrigo Filho', 'CIENTISTA', 'Id iure.', 'Eum ut at');
INSERT INTO lider VALUES('803.596.063-62', 'Leonardo Jr', 'CIENTISTA', 'Odio ad.', 'Fugit nam');
INSERT INTO lider VALUES('392.783.249-28', 'Leonardo Neto', 'CIENTISTA', 'A autem.', 'Sit ipsum');
INSERT INTO lider VALUES('961.234.564-61', 'Leonardo Filho', 'OFICIAL', 'Nam rem.', 'Esse enim');
INSERT INTO lider VALUES('268.976.621-48', 'Márcio Jr', 'CIENTISTA', 'Et iure.', 'Ex facere');
INSERT INTO lider VALUES('198.142.709-28', 'Márcio Neto', 'COMANDANTE', 'Ab quae.', 'Nihil non');
INSERT INTO lider VALUES('826.077.373-06', 'Márcio Filho', 'COMANDANTE', 'Vero ea.', 'Hic quasi');
INSERT INTO lider VALUES('659.491.224-51', 'Cássio Jr', 'COMANDANTE', 'Fuga at.', 'Unde iste');
INSERT INTO lider VALUES('416.709.234-41', 'Cássio Neto', 'OFICIAL', 'Est eum.', 'Quis quae');
INSERT INTO lider VALUES('109.643.866-41', 'Cássio Filho', 'OFICIAL', 'Hic sit.', 'Nam a quo');
INSERT INTO lider VALUES('305.788.231-57', 'Tiago Jr', 'COMANDANTE', 'Sit sed.', 'Eos at ab');
INSERT INTO lider VALUES('307.494.615-54', 'Tiago Neto', 'CIENTISTA', 'Ad odio.', 'Ex sunt a');
INSERT INTO lider VALUES('126.429.006-40', 'Tiago Filho', 'COMANDANTE', 'Quo non.', 'Est quasi');
INSERT INTO lider VALUES('836.566.259-13', 'Diego Jr', 'CIENTISTA', 'At ab a.', 'Sed ab et');
INSERT INTO lider VALUES('247.027.672-51', 'Diego Neto', 'OFICIAL', 'In iste.', 'Cum atque');
INSERT INTO lider VALUES('148.183.019-57', 'Diego Filho', 'COMANDANTE', 'Odio ad.', 'In nam ut');
INSERT INTO lider VALUES('950.141.493-22', 'Alexandre Jr', 'OFICIAL', 'Iure ad.', 'Ea fugiat');
INSERT INTO lider VALUES('937.511.287-74', 'Alexandre Neto', 'CIENTISTA', 'Non aut.', 'Alias qui');
INSERT INTO lider VALUES('895.229.332-35', 'Alexandre Filho', 'COMANDANTE', 'Et iste.', 'In at nam');
INSERT INTO lider VALUES('118.435.670-09', 'Adriano Jr', 'CIENTISTA', 'Qui quo.', 'Quia esse');
INSERT INTO lider VALUES('682.855.568-53', 'Adriano Neto', 'COMANDANTE', 'Ad quas.', 'Ipsa odit');
INSERT INTO lider VALUES('614.307.494-08', 'Adriano Filho', 'COMANDANTE', 'Quae et.', 'Cum quo a');
INSERT INTO lider VALUES('829.643.281-54', 'Antônio Jr', 'CIENTISTA', 'Sint ut.', 'Ad quidem');
INSERT INTO lider VALUES('781.754.393-93', 'Antônio Neto', 'COMANDANTE', 'Quas ex.', 'Ad quidem');
INSERT INTO lider VALUES('614.581.724-93', 'Antônio Filho', 'OFICIAL', 'Non aut.', 'Eum culpa');
INSERT INTO lider VALUES('219.766.022-96', 'Ailton Jr', 'OFICIAL', 'In quia.', 'Odit quod');
INSERT INTO lider VALUES('561.995.842-02', 'Ailton Neto', 'COMANDANTE', 'Placeat.', 'Omnis aut');
INSERT INTO lider VALUES('552.947.841-29', 'Ailton Filho', 'CIENTISTA', 'At iste.', 'Nihil aut');
INSERT INTO lider VALUES('979.546.216-62', 'Cícero Jr', 'COMANDANTE', 'Eum sed.', 'Unde quae');
INSERT INTO lider VALUES('741.822.954-22', 'Cícero Neto', 'COMANDANTE', 'Aliquid.', 'A sed quo');
INSERT INTO lider VALUES('531.296.576-14', 'Cícero Filho', 'OFICIAL', 'Ea illo.', 'Non culpa');
INSERT INTO lider VALUES('767.568.085-21', 'Elias Jr', 'OFICIAL', 'A minus.', 'Eaque vel');
INSERT INTO lider VALUES('494.754.886-62', 'Elias Neto', 'OFICIAL', 'Ut quis.', 'Porro quo');
INSERT INTO lider VALUES('240.583.582-97', 'Elias Filho', 'OFICIAL', 'Vero ea.', 'Ea vel at');
INSERT INTO lider VALUES('733.220.244-28', 'Geraldo Jr', 'OFICIAL', 'Ea iure.', 'Quia enim');
INSERT INTO lider VALUES('593.814.869-47', 'Geraldo Neto', 'CIENTISTA', 'Ea fuga.', 'Enim quod');
INSERT INTO lider VALUES('689.573.653-49', 'Geraldo Filho', 'COMANDANTE', 'A ea et.', 'Ad ea quo');
INSERT INTO lider VALUES('837.894.987-27', 'Isaac Jr', 'OFICIAL', 'Aut eos.', 'Vel saepe');
INSERT INTO lider VALUES('532.935.663-20', 'Isaac Neto', 'CIENTISTA', 'Numquam.', 'Sint quod');
INSERT INTO lider VALUES('935.195.722-38', 'Isaac Filho', 'CIENTISTA', 'A totam.', 'Veniam at');
INSERT INTO lider VALUES('730.920.594-34', 'João Jr', 'OFICIAL', 'Est est.', 'Illo fuga');
INSERT INTO lider VALUES('611.599.635-00', 'João Neto', 'CIENTISTA', 'Ea quae.', 'Odio enim');
INSERT INTO lider VALUES('188.362.856-21', 'João Filho', 'CIENTISTA', 'Ad ex a.', 'Ex ab qui');
INSERT INTO lider VALUES('802.798.861-75', 'Kleber Jr', 'CIENTISTA', 'Unde ex.', 'Natus cum');
INSERT INTO lider VALUES('734.852.515-11', 'Kleber Neto', 'COMANDANTE', 'Ad quos.', 'Modi sint');
INSERT INTO lider VALUES('600.155.937-27', 'Kleber Filho', 'OFICIAL', 'Unde ea.', 'Quo optio');
INSERT INTO lider VALUES('917.434.725-12', 'Lauro Jr', 'COMANDANTE', 'Sunt at.', 'Placeat a');
INSERT INTO lider VALUES('717.273.274-52', 'Lauro Neto', 'COMANDANTE', 'Ex unde.', 'Saepe est');
INSERT INTO lider VALUES('595.186.531-45', 'Lauro Filho', 'OFICIAL', 'Sint et.', 'Quae eius');
INSERT INTO lider VALUES('104.872.581-03', 'Maurício Jr', 'CIENTISTA', 'Sed hic.', 'Nam harum');
INSERT INTO lider VALUES('637.633.065-60', 'Maurício Neto', 'CIENTISTA', 'In a ab.', 'Ea quo ex');
INSERT INTO lider VALUES('476.881.854-77', 'Maurício Filho', 'CIENTISTA', 'Est est.', 'Labore at');
INSERT INTO lider VALUES('958.837.342-02', 'Nelson Jr', 'OFICIAL', 'Ut quod.', 'A sed quo');
INSERT INTO lider VALUES('277.065.929-03', 'Nelson Neto', 'COMANDANTE', 'A fugit.', 'A qui nam');
INSERT INTO lider VALUES('832.933.552-46', 'Nelson Filho', 'CIENTISTA', 'Quam in.', 'Eos error');
INSERT INTO lider VALUES('351.314.086-53', 'Óscar Jr', 'CIENTISTA', 'Ad ex a.', 'A qui nam');
INSERT INTO lider VALUES('606.535.402-59', 'Óscar Neto', 'CIENTISTA', 'Modi id.', 'Ex facere');
INSERT INTO lider VALUES('400.009.158-63', 'Óscar Filho', 'COMANDANTE', 'In iste.', 'Ab eos ea');
INSERT INTO lider VALUES('573.575.292-99', 'Paulo Jr', 'CIENTISTA', 'Ex unde.', 'Placeat a');
INSERT INTO lider VALUES('872.364.482-47', 'Paulo Neto', 'COMANDANTE', 'A in at.', 'Sed quo a');
INSERT INTO lider VALUES('489.370.916-41', 'Paulo Filho', 'OFICIAL', 'Hic quo.', 'Ipsa odit');
INSERT INTO lider VALUES('210.591.134-73', 'Queiroz Jr', 'COMANDANTE', 'Quam et.', 'Et ad non');
INSERT INTO lider VALUES('704.480.784-71', 'Queiroz Neto', 'OFICIAL', 'Et iure.', 'Vel et ut');
INSERT INTO lider VALUES('982.671.761-66', 'Queiroz Filho', 'CIENTISTA', 'Odio ea.', 'Et a quae');
INSERT INTO lider VALUES('805.775.581-21', 'Roberto Jr', 'COMANDANTE', 'Vitae a.', 'Amet quae');
INSERT INTO lider VALUES('493.119.020-88', 'Roberto Neto', 'COMANDANTE', 'Unde ad.', 'Sint eius');
INSERT INTO lider VALUES('582.130.277-62', 'Roberto Filho', 'CIENTISTA', 'Quae at.', 'Non at ad');
INSERT INTO lider VALUES('368.461.454-05', 'Sérgio Jr', 'CIENTISTA', 'At quae.', 'Odio enim');
INSERT INTO lider VALUES('964.369.482-27', 'Sérgio Neto', 'OFICIAL', 'Id modi.', 'Ut a nemo');
INSERT INTO lider VALUES('791.207.486-75', 'Sérgio Filho', 'CIENTISTA', 'Vel est.', 'Unde quis');
INSERT INTO lider VALUES('913.535.825-36', 'Túlio Jr', 'COMANDANTE', 'Quod ad.', 'At quidem');
INSERT INTO lider VALUES('555.487.247-83', 'Túlio Neto', 'CIENTISTA', 'Ipsa ab.', 'Natus cum');
INSERT INTO lider VALUES('146.438.168-04', 'Túlio Filho', 'CIENTISTA', 'Ad sunt.', 'Ea quo ex');
INSERT INTO lider VALUES('385.663.857-52', 'Urbano Jr', 'CIENTISTA', 'Ab iste.', 'Itaque ut');
INSERT INTO lider VALUES('127.444.462-92', 'Urbano Neto', 'OFICIAL', 'A atque.', 'Cum quo a');
INSERT INTO lider VALUES('971.434.762-10', 'Urbano Filho', 'OFICIAL', 'Sint ea.', 'Dolore ab');
INSERT INTO lider VALUES('644.816.208-07', 'Valdir Jr', 'OFICIAL', 'Sint ex.', 'Ab dolore');
INSERT INTO lider VALUES('172.525.400-65', 'Valdir Neto', 'COMANDANTE', 'Cum eos.', 'Animi sit');
INSERT INTO lider VALUES('722.093.849-15', 'Valdir Filho', 'COMANDANTE', 'Nemo ad.', 'Dicta est');
INSERT INTO lider VALUES('535.667.252-85', 'Wilson Jr', 'CIENTISTA', 'Illo et.', 'Vel et ut');
INSERT INTO lider VALUES('657.288.075-34', 'Wilson Neto', 'COMANDANTE', 'Iste ex.', 'Optio aut');
INSERT INTO lider VALUES('252.971.754-88', 'Wilson Filho', 'OFICIAL', 'In quia.', 'A quod id');
INSERT INTO lider VALUES('448.859.659-67', 'Xavier Jr', 'OFICIAL', 'Commodi.', 'Ipsa unde');
INSERT INTO lider VALUES('147.107.701-98', 'Xavier Neto', 'OFICIAL', 'Unde ea.', 'Rerum nam');
INSERT INTO lider VALUES('418.606.461-15', 'Xavier Filho', 'COMANDANTE', 'Non sit.', 'At ab hic');
INSERT INTO lider VALUES('560.468.959-99', 'Yuri Jr', 'COMANDANTE', 'Unde ex.', 'Nam harum');
INSERT INTO lider VALUES('829.971.327-78', 'Yuri Neto', 'OFICIAL', 'Iure ab.', 'Sint quod');
INSERT INTO lider VALUES('121.361.890-70', 'Yuri Filho', 'COMANDANTE', 'Sit eos.', 'Unde quia');
INSERT INTO lider VALUES('368.037.254-30', 'Zé Jr', 'CIENTISTA', 'Qui quo.', 'Odio quae');
INSERT INTO lider VALUES('488.717.750-52', 'Zé Neto', 'OFICIAL', 'Est vel.', 'Nam at ab');
INSERT INTO lider VALUES('842.417.239-99', 'Zé Filho', 'COMANDANTE', 'Odit ad.', 'Voluptate');

COMMIT;

INSERT INTO faccao VALUES('USP', '351.882.896-84', 'TOTALITARIA', 0);
INSERT INTO faccao VALUES('UNESP', '593.814.869-47', 'TOTALITARIA', 0);
INSERT INTO faccao VALUES('UNICAMP', '832.933.552-46', 'TOTALITARIA', 0);
INSERT INTO faccao VALUES('PUC', '249.667.232-13', 'PROGRESSITA', 0);
INSERT INTO faccao VALUES('ITA', '485.224.362-57', 'PROGRESSITA', 0);
INSERT INTO faccao VALUES('UNIFESP', '102.352.867-33', 'TRADICIONALISTA', 0);
INSERT INTO faccao VALUES('MACKENZIE', '724.826.342-67', 'TOTALITARIA', 0);
INSERT INTO faccao VALUES('FATEC', '674.503.175-15', 'TOTALITARIA', 0);
INSERT INTO faccao VALUES('INATEL', '378.372.224-62', 'TOTALITARIA', 0);
INSERT INTO faccao VALUES('IME', '714.250.345-53', 'TOTALITARIA', 0);
INSERT INTO faccao VALUES('FDF', '643.628.812-55', 'TOTALITARIA', 0);
INSERT INTO faccao VALUES('IMESA', '560.468.959-99', 'TRADICIONALISTA', 0);
INSERT INTO faccao VALUES('UFSCAR', '307.494.615-54', 'TRADICIONALISTA', 0);
INSERT INTO faccao VALUES('UFABC', '962.957.648-09', 'PROGRESSITA', 0);
INSERT INTO faccao VALUES('UFC', '987.842.334-68', 'TOTALITARIA', 0);
INSERT INTO faccao VALUES('UFSM', '517.324.935-14', 'TOTALITARIA', 0);
INSERT INTO faccao VALUES('UFS', '211.506.962-20', 'TOTALITARIA', 0);
INSERT INTO faccao VALUES('UFG', '104.872.581-03', 'PROGRESSITA', 0);
INSERT INTO faccao VALUES('UFJF', '453.872.915-45', 'TRADICIONALISTA', 0);
INSERT INTO faccao VALUES('UFOP', '740.366.774-43', 'TOTALITARIA', 0);
INSERT INTO faccao VALUES('UFU', '802.744.222-88', 'PROGRESSITA', 0);
INSERT INTO faccao VALUES('UFTM', '114.520.664-59', 'PROGRESSITA', 0);
INSERT INTO faccao VALUES('UFT', '258.968.687-72', 'TRADICIONALISTA', 0);
INSERT INTO faccao VALUES('UFTPR', '929.255.612-83', 'TOTALITARIA', 0);
INSERT INTO faccao VALUES('UFV', '667.580.918-75', 'TOTALITARIA', 0);
INSERT INTO faccao VALUES('UFLA', '154.351.366-45', 'TRADICIONALISTA', 0);
INSERT INTO faccao VALUES('UNIFOR', '812.852.552-11', 'PROGRESSITA', 0);
INSERT INTO faccao VALUES('UNISINOS', '899.940.150-16', 'TRADICIONALISTA', 0);
INSERT INTO faccao VALUES('UNIFACS', '325.050.495-77', 'PROGRESSITA', 0);
INSERT INTO faccao VALUES('UNIFAP', '994.244.298-16', 'TRADICIONALISTA', 0);
INSERT INTO faccao VALUES('UNIFRAN', '611.599.635-00', 'TOTALITARIA', 0);
INSERT INTO faccao VALUES('UNIFEB', '256.045.811-27', 'TOTALITARIA', 0);
INSERT INTO faccao VALUES('UNIFIMES', '787.134.069-10', 'TRADICIONALISTA', 0);
INSERT INTO faccao VALUES('UNIVESP', '590.090.499-13', 'TOTALITARIA', 0);
INSERT INTO faccao VALUES('UNIFACISA', '219.766.022-96', 'TRADICIONALISTA', 0);
INSERT INTO faccao VALUES('UNIFACEX', '721.856.040-10', 'TOTALITARIA', 0);
INSERT INTO faccao VALUES('UFAC', '657.288.075-34', 'PROGRESSITA', 0);
INSERT INTO faccao VALUES('IFAC', '434.977.974-28', 'TOTALITARIA', 0);
INSERT INTO faccao VALUES('UEAC', '659.491.224-51', 'PROGRESSITA', 0);
INSERT INTO faccao VALUES('UFAL', '890.791.600-99', 'TRADICIONALISTA', 0);
INSERT INTO faccao VALUES('IFAL', '443.336.169-16', 'TRADICIONALISTA', 0);
INSERT INTO faccao VALUES('UEAL', '148.183.019-57', 'TRADICIONALISTA', 0);
INSERT INTO faccao VALUES('UFAP', '937.847.741-00', 'TRADICIONALISTA', 0);
INSERT INTO faccao VALUES('IFAP', '696.373.981-09', 'TOTALITARIA', 0);
INSERT INTO faccao VALUES('UEAP', '742.938.934-89', 'TRADICIONALISTA', 0);
INSERT INTO faccao VALUES('UFAM', '201.110.710-23', 'PROGRESSITA', 0);
INSERT INTO faccao VALUES('IFAM', '494.754.886-62', 'PROGRESSITA', 0);
INSERT INTO faccao VALUES('UEAM', '241.283.602-42', 'TOTALITARIA', 0);
INSERT INTO faccao VALUES('UFBA', '720.269.986-28', 'TRADICIONALISTA', 0);
INSERT INTO faccao VALUES('IFBA', '992.890.497-72', 'TRADICIONALISTA', 0);
INSERT INTO faccao VALUES('UEBA', '184.083.535-22', 'TOTALITARIA', 0);
INSERT INTO faccao VALUES('UFCE', '230.034.452-96', 'TRADICIONALISTA', 0);
INSERT INTO faccao VALUES('IFCE', '886.492.574-99', 'PROGRESSITA', 0);
INSERT INTO faccao VALUES('UECE', '105.153.288-54', 'TRADICIONALISTA', 0);
INSERT INTO faccao VALUES('UFES', '257.341.347-27', 'PROGRESSITA', 0);
INSERT INTO faccao VALUES('IFES', '868.145.815-01', 'TOTALITARIA', 0);
INSERT INTO faccao VALUES('UEES', '700.867.267-36', 'TOTALITARIA', 0);
INSERT INTO faccao VALUES('UFGO', '563.273.562-59', 'TOTALITARIA', 0);
INSERT INTO faccao VALUES('IFGO', '950.141.493-22', 'PROGRESSITA', 0);
INSERT INTO faccao VALUES('UEGO', '333.804.213-46', 'TRADICIONALISTA', 0);
INSERT INTO faccao VALUES('UFMA', '872.364.482-47', 'TRADICIONALISTA', 0);
INSERT INTO faccao VALUES('IFMA', '870.773.718-00', 'TRADICIONALISTA', 0);
INSERT INTO faccao VALUES('UEMA', '147.176.688-46', 'TRADICIONALISTA', 0);
INSERT INTO faccao VALUES('UFMT', '160.807.040-47', 'TRADICIONALISTA', 0);
INSERT INTO faccao VALUES('IFMT', '205.399.842-90', 'TRADICIONALISTA', 0);
INSERT INTO faccao VALUES('UEMT', '710.627.083-34', 'TRADICIONALISTA', 0);
INSERT INTO faccao VALUES('UFMS', '780.096.214-72', 'TOTALITARIA', 0);
INSERT INTO faccao VALUES('IFMS', '490.188.997-20', 'TOTALITARIA', 0);
INSERT INTO faccao VALUES('UEMS', '404.570.170-69', 'TRADICIONALISTA', 0);
INSERT INTO faccao VALUES('UFMG', '862.807.656-93', 'TRADICIONALISTA', 0);
INSERT INTO faccao VALUES('IFMG', '573.575.292-99', 'TRADICIONALISTA', 0);
INSERT INTO faccao VALUES('UEMG', '538.696.234-44', 'TRADICIONALISTA', 0);
INSERT INTO faccao VALUES('UFPA', '644.094.551-82', 'TRADICIONALISTA', 0);
INSERT INTO faccao VALUES('IFPA', '736.694.159-02', 'PROGRESSITA', 0);
INSERT INTO faccao VALUES('UEPA', '519.724.858-12', 'TOTALITARIA', 0);
INSERT INTO faccao VALUES('UFPB', '137.483.027-39', 'PROGRESSITA', 0);
INSERT INTO faccao VALUES('IFPB', '400.009.158-63', 'TOTALITARIA', 0);
INSERT INTO faccao VALUES('UEPB', '781.754.393-93', 'PROGRESSITA', 0);
INSERT INTO faccao VALUES('UFPR', '382.882.999-62', 'TOTALITARIA', 0);
INSERT INTO faccao VALUES('IFPR', '601.896.145-72', 'TOTALITARIA', 0);
INSERT INTO faccao VALUES('UEPR', '948.446.560-51', 'TRADICIONALISTA', 0);
INSERT INTO faccao VALUES('UFPE', '722.376.037-17', 'TOTALITARIA', 0);
INSERT INTO faccao VALUES('IFPE', '849.121.130-97', 'TRADICIONALISTA', 0);
INSERT INTO faccao VALUES('UEPE', '109.643.866-41', 'TRADICIONALISTA', 0);
INSERT INTO faccao VALUES('UFPI', '309.565.467-01', 'TOTALITARIA', 0);
INSERT INTO faccao VALUES('IFPI', '448.859.659-67', 'TOTALITARIA', 0);
INSERT INTO faccao VALUES('UEPI', '127.444.462-92', 'PROGRESSITA', 0);
INSERT INTO faccao VALUES('UFRJ', '270.961.630-03', 'PROGRESSITA', 0);
INSERT INTO faccao VALUES('IFRJ', '904.214.801-95', 'TRADICIONALISTA', 0);
INSERT INTO faccao VALUES('UERJ', '364.346.510-95', 'TOTALITARIA', 0);
INSERT INTO faccao VALUES('UFRN', '985.942.579-77', 'TRADICIONALISTA', 0);
INSERT INTO faccao VALUES('IFRN', '333.452.395-30', 'TRADICIONALISTA', 0);
INSERT INTO faccao VALUES('UERN', '753.717.159-16', 'PROGRESSITA', 0);
INSERT INTO faccao VALUES('UFRS', '829.971.327-78', 'TRADICIONALISTA', 0);
INSERT INTO faccao VALUES('IFRS', '123.871.042-91', 'TRADICIONALISTA', 0);
INSERT INTO faccao VALUES('UERS', '118.435.670-09', 'TOTALITARIA', 0);
INSERT INTO faccao VALUES('UFRO', '993.658.137-77', 'TRADICIONALISTA', 0);
INSERT INTO faccao VALUES('IFRO', '188.362.856-21', 'TRADICIONALISTA', 0);
INSERT INTO faccao VALUES('UERO', '473.639.175-52', 'PROGRESSITA', 0);
INSERT INTO faccao VALUES('UFRR', '403.176.319-68', 'TRADICIONALISTA', 0);
INSERT INTO faccao VALUES('IFRR', '871.231.154-93', 'PROGRESSITA', 0);
INSERT INTO faccao VALUES('UERR', '226.186.233-78', 'PROGRESSITA', 0);
INSERT INTO faccao VALUES('UFSC', '790.238.067-39', 'PROGRESSITA', 0);
INSERT INTO faccao VALUES('IFSC', '531.472.026-62', 'TOTALITARIA', 0);
INSERT INTO faccao VALUES('UESC', '531.296.576-14', 'TOTALITARIA', 0);
INSERT INTO faccao VALUES('UFSP', '915.977.404-82', 'TRADICIONALISTA', 0);
INSERT INTO faccao VALUES('IFSP', '728.905.699-06', 'TRADICIONALISTA', 0);
INSERT INTO faccao VALUES('UESP', '673.988.941-66', 'TOTALITARIA', 0);
INSERT INTO faccao VALUES('UFSE', '161.747.602-87', 'TOTALITARIA', 0);
INSERT INTO faccao VALUES('IFSE', '287.978.687-05', 'PROGRESSITA', 0);
INSERT INTO faccao VALUES('UESE', '637.633.065-60', 'TOTALITARIA', 0);
INSERT INTO faccao VALUES('UFTO', '658.460.670-02', 'TOTALITARIA', 0);
INSERT INTO faccao VALUES('IFTO', '314.747.360-72', 'PROGRESSITA', 0);
INSERT INTO faccao VALUES('UETO', '606.535.402-59', 'PROGRESSITA', 0);
INSERT INTO faccao VALUES('UFDF', '415.678.392-99', 'TRADICIONALISTA', 0);
INSERT INTO faccao VALUES('IFDF', '240.583.582-97', 'PROGRESSITA', 0);
INSERT INTO faccao VALUES('UEDF', '200.295.572-11', 'TOTALITARIA', 0);

COMMIT;

INSERT INTO nacao_faccao VALUES('Id a ad.', 'UNESP');
INSERT INTO nacao_faccao VALUES('Sit sed.', 'UNICAMP');
INSERT INTO nacao_faccao VALUES('Eius id.', 'UNICAMP');
INSERT INTO nacao_faccao VALUES('Ex quae.', 'UNICAMP');
INSERT INTO nacao_faccao VALUES('Sint ex.', 'PUC');
INSERT INTO nacao_faccao VALUES('Odit et.', 'PUC');
INSERT INTO nacao_faccao VALUES('Sequi a.', 'ITA');
INSERT INTO nacao_faccao VALUES('Quia ad.', 'UNIFESP');
INSERT INTO nacao_faccao VALUES('Sed hic.', 'MACKENZIE');
INSERT INTO nacao_faccao VALUES('Et amet.', 'MACKENZIE');
INSERT INTO nacao_faccao VALUES('Quo est.', 'MACKENZIE');
INSERT INTO nacao_faccao VALUES('In nisi.', 'FATEC');
INSERT INTO nacao_faccao VALUES('Ab esse.', 'IMESA');
INSERT INTO nacao_faccao VALUES('Rem quo.', 'UFSCAR');
INSERT INTO nacao_faccao VALUES('Est est.', 'UFC');
INSERT INTO nacao_faccao VALUES('Ut quas.', 'UFC');
INSERT INTO nacao_faccao VALUES('Et nisi.', 'UFSM');
INSERT INTO nacao_faccao VALUES('A neque.', 'UFSM');
INSERT INTO nacao_faccao VALUES('Rem eum.', 'UFSM');
INSERT INTO nacao_faccao VALUES('Unde ex.', 'UFS');
INSERT INTO nacao_faccao VALUES('Quas ea.', 'UFS');
INSERT INTO nacao_faccao VALUES('Illo ad.', 'UFOP');
INSERT INTO nacao_faccao VALUES('Eum eum.', 'UFOP');
INSERT INTO nacao_faccao VALUES('Ab odit.', 'UFOP');
INSERT INTO nacao_faccao VALUES('Quae id.', 'UFU');
INSERT INTO nacao_faccao VALUES('Fuga in.', 'UFTM');
INSERT INTO nacao_faccao VALUES('Amet ex.', 'UFTM');
INSERT INTO nacao_faccao VALUES('Id esse.', 'UFTM');
INSERT INTO nacao_faccao VALUES('Est eum.', 'UFT');
INSERT INTO nacao_faccao VALUES('Est est.', 'UFT');
INSERT INTO nacao_faccao VALUES('Et enim.', 'UFT');
INSERT INTO nacao_faccao VALUES('Rem eum.', 'UFTPR');
INSERT INTO nacao_faccao VALUES('Quis ad.', 'UFTPR');
INSERT INTO nacao_faccao VALUES('Ex unde.', 'UFTPR');
INSERT INTO nacao_faccao VALUES('Ex odit.', 'UFV');
INSERT INTO nacao_faccao VALUES('Sit non.', 'UFLA');
INSERT INTO nacao_faccao VALUES('Modi et.', 'UFLA');
INSERT INTO nacao_faccao VALUES('Est est.', 'UFLA');
INSERT INTO nacao_faccao VALUES('Odit ex.', 'UNISINOS');
INSERT INTO nacao_faccao VALUES('Modi ut.', 'UNISINOS');
INSERT INTO nacao_faccao VALUES('Aut quo.', 'UNISINOS');
INSERT INTO nacao_faccao VALUES('Fuga at.', 'UNIFACS');
INSERT INTO nacao_faccao VALUES('Ea quod.', 'UNIFACS');
INSERT INTO nacao_faccao VALUES('Aut a a.', 'UNIFAP');
INSERT INTO nacao_faccao VALUES('Ex a ea.', 'UNIFAP');
INSERT INTO nacao_faccao VALUES('At nemo.', 'UNIFAP');
INSERT INTO nacao_faccao VALUES('A eum a.', 'UNIFIMES');
INSERT INTO nacao_faccao VALUES('Eos qui.', 'UNIFIMES');
INSERT INTO nacao_faccao VALUES('Id quis.', 'UNIVESP');
INSERT INTO nacao_faccao VALUES('Eum cum.', 'UNIVESP');
INSERT INTO nacao_faccao VALUES('Saepe a.', 'UNIVESP');
INSERT INTO nacao_faccao VALUES('Quo rem.', 'UNIFACISA');
INSERT INTO nacao_faccao VALUES('In a ab.', 'UNIFACISA');
INSERT INTO nacao_faccao VALUES('Debitis.', 'UNIFACISA');
INSERT INTO nacao_faccao VALUES('Ea quod.', 'UNIFACEX');
INSERT INTO nacao_faccao VALUES('Odit et.', 'UFAC');
INSERT INTO nacao_faccao VALUES('Ad modi.', 'UFAC');
INSERT INTO nacao_faccao VALUES('Rem vel.', 'IFAC');
INSERT INTO nacao_faccao VALUES('Ea odio.', 'UEAC');
INSERT INTO nacao_faccao VALUES('Odio ad.', 'UEAC');
INSERT INTO nacao_faccao VALUES('A non a.', 'UFAL');
INSERT INTO nacao_faccao VALUES('Est est.', 'IFAL');
INSERT INTO nacao_faccao VALUES('Ut quis.', 'IFAL');
INSERT INTO nacao_faccao VALUES('Placeat.', 'IFAL');
INSERT INTO nacao_faccao VALUES('Id esse.', 'UEAL');
INSERT INTO nacao_faccao VALUES('Quas ea.', 'UFAP');
INSERT INTO nacao_faccao VALUES('Illo et.', 'UEAP');
INSERT INTO nacao_faccao VALUES('Id sint.', 'UEAP');
INSERT INTO nacao_faccao VALUES('In iste.', 'UEAP');
INSERT INTO nacao_faccao VALUES('Ab odit.', 'UFAM');
INSERT INTO nacao_faccao VALUES('Ab quos.', 'IFAM');
INSERT INTO nacao_faccao VALUES('At iste.', 'IFAM');
INSERT INTO nacao_faccao VALUES('Id a ad.', 'UEAM');
INSERT INTO nacao_faccao VALUES('Ex a ea.', 'UEAM');
INSERT INTO nacao_faccao VALUES('Ab iste.', 'IFBA');
INSERT INTO nacao_faccao VALUES('Sunt ut.', 'IFBA');
INSERT INTO nacao_faccao VALUES('Et a in.', 'IFBA');
INSERT INTO nacao_faccao VALUES('In quia.', 'UEBA');
INSERT INTO nacao_faccao VALUES('Quo nam.', 'UEBA');
INSERT INTO nacao_faccao VALUES('Nam nam.', 'UEBA');
INSERT INTO nacao_faccao VALUES('Nam aut.', 'IFCE');
INSERT INTO nacao_faccao VALUES('Iure id.', 'IFCE');
INSERT INTO nacao_faccao VALUES('Ab quia.', 'UECE');
INSERT INTO nacao_faccao VALUES('Aut vel.', 'UFES');
INSERT INTO nacao_faccao VALUES('Ut illo.', 'UFES');
INSERT INTO nacao_faccao VALUES('Ex quae.', 'IFES');
INSERT INTO nacao_faccao VALUES('Quo sed.', 'IFES');
INSERT INTO nacao_faccao VALUES('Id esse.', 'UEES');
INSERT INTO nacao_faccao VALUES('A ipsum.', 'UEES');
INSERT INTO nacao_faccao VALUES('At esse.', 'UEES');
INSERT INTO nacao_faccao VALUES('Hic quo.', 'IFGO');
INSERT INTO nacao_faccao VALUES('Id odio.', 'UFMA');
INSERT INTO nacao_faccao VALUES('At quae.', 'UFMA');
INSERT INTO nacao_faccao VALUES('Ad quod.', 'UFMA');
INSERT INTO nacao_faccao VALUES('Et esse.', 'IFMA');
INSERT INTO nacao_faccao VALUES('A neque.', 'IFMA');
INSERT INTO nacao_faccao VALUES('Quos ex.', 'IFMA');
INSERT INTO nacao_faccao VALUES('Illo et.', 'UEMA');
INSERT INTO nacao_faccao VALUES('Iste ex.', 'UEMA');
INSERT INTO nacao_faccao VALUES('Est sed.', 'UEMA');
INSERT INTO nacao_faccao VALUES('Non aut.', 'UFMT');
INSERT INTO nacao_faccao VALUES('Ab iste.', 'IFMT');
INSERT INTO nacao_faccao VALUES('Quae id.', 'IFMT');
INSERT INTO nacao_faccao VALUES('Ut quas.', 'IFMT');
INSERT INTO nacao_faccao VALUES('Iure ab.', 'UEMT');
INSERT INTO nacao_faccao VALUES('Et amet.', 'UEMT');
INSERT INTO nacao_faccao VALUES('Esse ad.', 'UEMT');
INSERT INTO nacao_faccao VALUES('Vel est.', 'IFMS');
INSERT INTO nacao_faccao VALUES('Vel est.', 'IFMS');
INSERT INTO nacao_faccao VALUES('Ea modi.', 'UEMS');
INSERT INTO nacao_faccao VALUES('Ab illo.', 'UEMS');
INSERT INTO nacao_faccao VALUES('Aut eum.', 'UEMS');
INSERT INTO nacao_faccao VALUES('Sed quo.', 'UFMG');
INSERT INTO nacao_faccao VALUES('Vel quo.', 'IFMG');
INSERT INTO nacao_faccao VALUES('Iste ea.', 'IFMG');
INSERT INTO nacao_faccao VALUES('Quis ad.', 'IFMG');
INSERT INTO nacao_faccao VALUES('Ad ex a.', 'UEMG');
INSERT INTO nacao_faccao VALUES('At quas.', 'UFPA');
INSERT INTO nacao_faccao VALUES('Sed quo.', 'UFPA');
INSERT INTO nacao_faccao VALUES('At quae.', 'UFPA');
INSERT INTO nacao_faccao VALUES('At quod.', 'IFPA');
INSERT INTO nacao_faccao VALUES('Quas ea.', 'UEPA');
INSERT INTO nacao_faccao VALUES('Nisi ad.', 'UEPA');
INSERT INTO nacao_faccao VALUES('Sunt ut.', 'UFPB');
INSERT INTO nacao_faccao VALUES('Nobis a.', 'IFPB');
INSERT INTO nacao_faccao VALUES('Ea fuga.', 'IFPB');
INSERT INTO nacao_faccao VALUES('A ullam.', 'IFPB');
INSERT INTO nacao_faccao VALUES('Eius et.', 'UEPB');
INSERT INTO nacao_faccao VALUES('Et quae.', 'UEPB');
INSERT INTO nacao_faccao VALUES('Aut vel.', 'UFPR');
INSERT INTO nacao_faccao VALUES('A iusto.', 'IFPR');
INSERT INTO nacao_faccao VALUES('Ad ex a.', 'IFPR');
INSERT INTO nacao_faccao VALUES('Iure ab.', 'UEPR');
INSERT INTO nacao_faccao VALUES('Ab esse.', 'IFPE');
INSERT INTO nacao_faccao VALUES('Ipsa ab.', 'IFPE');
INSERT INTO nacao_faccao VALUES('A iusto.', 'UEPE');
INSERT INTO nacao_faccao VALUES('Aut a a.', 'UEPE');
INSERT INTO nacao_faccao VALUES('At a ex.', 'UEPE');
INSERT INTO nacao_faccao VALUES('Nam non.', 'IFPI');
INSERT INTO nacao_faccao VALUES('Et iste.', 'UEPI');
INSERT INTO nacao_faccao VALUES('Cum non.', 'UFRJ');
INSERT INTO nacao_faccao VALUES('Quia ad.', 'UFRJ');
INSERT INTO nacao_faccao VALUES('In quia.', 'UFRJ');
INSERT INTO nacao_faccao VALUES('Ab nisi.', 'IFRJ');
INSERT INTO nacao_faccao VALUES('Illo ea.', 'IFRJ');
INSERT INTO nacao_faccao VALUES('Ex quis.', 'UERJ');
INSERT INTO nacao_faccao VALUES('Iste ut.', 'UERJ');
INSERT INTO nacao_faccao VALUES('Vero ea.', 'UERJ');
INSERT INTO nacao_faccao VALUES('Qui hic.', 'UFRN');
INSERT INTO nacao_faccao VALUES('Non sit.', 'IFRN');
INSERT INTO nacao_faccao VALUES('At ea a.', 'IFRN');
INSERT INTO nacao_faccao VALUES('Sunt at.', 'IFRN');
INSERT INTO nacao_faccao VALUES('Et a in.', 'UERN');
INSERT INTO nacao_faccao VALUES('Sed hic.', 'UERN');
INSERT INTO nacao_faccao VALUES('Ad quas.', 'UFRS');
INSERT INTO nacao_faccao VALUES('Numquam.', 'UFRS');
INSERT INTO nacao_faccao VALUES('Quo sed.', 'UFRS');
INSERT INTO nacao_faccao VALUES('At ea a.', 'IFRS');
INSERT INTO nacao_faccao VALUES('A neque.', 'UERS');
INSERT INTO nacao_faccao VALUES('Modi et.', 'UERS');
INSERT INTO nacao_faccao VALUES('A neque.', 'UFRO');
INSERT INTO nacao_faccao VALUES('Ad quae.', 'UFRO');
INSERT INTO nacao_faccao VALUES('Velit a.', 'IFRO');
INSERT INTO nacao_faccao VALUES('Ad quae.', 'UERO');
INSERT INTO nacao_faccao VALUES('Amet in.', 'UERO');
INSERT INTO nacao_faccao VALUES('Vero ab.', 'UERO');
INSERT INTO nacao_faccao VALUES('At a ea.', 'UFRR');
INSERT INTO nacao_faccao VALUES('Ab et a.', 'UFRR');
INSERT INTO nacao_faccao VALUES('Iure id.', 'UFRR');
INSERT INTO nacao_faccao VALUES('Ad unde.', 'IFRR');
INSERT INTO nacao_faccao VALUES('Ex odit.', 'IFRR');
INSERT INTO nacao_faccao VALUES('Vel eos.', 'IFRR');
INSERT INTO nacao_faccao VALUES('At unde.', 'UERR');
INSERT INTO nacao_faccao VALUES('Quo qui.', 'UERR');
INSERT INTO nacao_faccao VALUES('Id quis.', 'UFSC');
INSERT INTO nacao_faccao VALUES('Sint ea.', 'UFSC');
INSERT INTO nacao_faccao VALUES('Commodi.', 'IFSC');
INSERT INTO nacao_faccao VALUES('Id a ad.', 'IFSC');
INSERT INTO nacao_faccao VALUES('Qui eos.', 'UESC');
INSERT INTO nacao_faccao VALUES('Eum est.', 'UFSP');
INSERT INTO nacao_faccao VALUES('Quia ex.', 'UESP');
INSERT INTO nacao_faccao VALUES('Ab a ad.', 'UESP');
INSERT INTO nacao_faccao VALUES('Ex quod.', 'UFSE');
INSERT INTO nacao_faccao VALUES('Sint et.', 'UFSE');
INSERT INTO nacao_faccao VALUES('Ab et a.', 'IFSE');
INSERT INTO nacao_faccao VALUES('Ut quod.', 'IFSE');
INSERT INTO nacao_faccao VALUES('At a ex.', 'UFTO');
INSERT INTO nacao_faccao VALUES('Quos ad.', 'UFTO');
INSERT INTO nacao_faccao VALUES('Sint ad.', 'IFTO');
INSERT INTO nacao_faccao VALUES('Eos qui.', 'IFTO');
INSERT INTO nacao_faccao VALUES('A at ex.', 'IFTO');
INSERT INTO nacao_faccao VALUES('Ex illo.', 'UFDF');
INSERT INTO nacao_faccao VALUES('In sunt.', 'UFDF');
INSERT INTO nacao_faccao VALUES('Iure ab.', 'UFDF');
INSERT INTO nacao_faccao VALUES('Nobis a.', 'IFDF');
INSERT INTO nacao_faccao VALUES('Quis ab.', 'IFDF');
INSERT INTO nacao_faccao VALUES('Id sint.', 'UEDF');

COMMIT;

INSERT INTO dominancia VALUES('K2-62 c', 'Hic quo.', TO_DATE('1974-04-18', 'YYYY-MM-DD'), NULL);
INSERT INTO dominancia VALUES('Qui ex.', 'Odit et.', TO_DATE('1904-03-23', 'YYYY-MM-DD'), NULL);
INSERT INTO dominancia VALUES('Quo ea.', 'Ad quas.', TO_DATE('1913-02-22', 'YYYY-MM-DD'), TO_DATE('1991-12-12', 'YYYY-MM-DD'));
INSERT INTO dominancia VALUES('Quo ea.', 'Non est.', TO_DATE('1992-01-01', 'YYYY-MM-DD'), NULL);
INSERT INTO dominancia VALUES('Ad eum.', 'Ab quia.', TO_DATE('1951-03-26', 'YYYY-MM-DD'), TO_DATE('1984-10-04', 'YYYY-MM-DD'));
INSERT INTO dominancia VALUES('Ad eum.', 'Rerum a.', TO_DATE('1985-01-01', 'YYYY-MM-DD'), NULL);
INSERT INTO dominancia VALUES('Minima.', 'Ab quos.', TO_DATE('1974-06-19', 'YYYY-MM-DD'), TO_DATE('2033-08-15', 'YYYY-MM-DD'));
INSERT INTO dominancia VALUES('Hic in.', 'Sed non.', TO_DATE('1988-05-05', 'YYYY-MM-DD'), TO_DATE('2025-09-01', 'YYYY-MM-DD'));
INSERT INTO dominancia VALUES('Iste a.', 'Fuga in.', TO_DATE('2017-01-04', 'YYYY-MM-DD'), TO_DATE('2060-12-05', 'YYYY-MM-DD'));
INSERT INTO dominancia VALUES('Sed ea.', 'Odit ex.', TO_DATE('2000-02-17', 'YYYY-MM-DD'), TO_DATE('2056-10-12', 'YYYY-MM-DD'));
INSERT INTO dominancia VALUES('A amet.', 'A fugit.', TO_DATE('1940-01-10', 'YYYY-MM-DD'), NULL);
INSERT INTO dominancia VALUES('Ex aut.', 'Et quia.', TO_DATE('2008-03-21', 'YYYY-MM-DD'), NULL);
INSERT INTO dominancia VALUES('Hic ut.', 'Ad unde.', TO_DATE('1966-02-18', 'YYYY-MM-DD'), TO_DATE('2084-08-11', 'YYYY-MM-DD'));
INSERT INTO dominancia VALUES('Ea aut.', 'Esse at.', TO_DATE('2002-04-21', 'YYYY-MM-DD'), NULL);
INSERT INTO dominancia VALUES('K2-30 b', 'Dolorem.', TO_DATE('1950-01-24', 'YYYY-MM-DD'), TO_DATE('2059-11-07', 'YYYY-MM-DD'));
INSERT INTO dominancia VALUES('K2-36 c', 'Ipsum a.', TO_DATE('1900-06-07', 'YYYY-MM-DD'), NULL);
INSERT INTO dominancia VALUES('Ut vel.', 'Iure ad.', TO_DATE('1973-01-26', 'YYYY-MM-DD'), TO_DATE('2023-11-06', 'YYYY-MM-DD'));
INSERT INTO dominancia VALUES('Id est.', 'Fuga ea.', TO_DATE('1914-03-22', 'YYYY-MM-DD'), NULL);
INSERT INTO dominancia VALUES('K2-57 b', 'Sint et.', TO_DATE('1976-04-20', 'YYYY-MM-DD'), TO_DATE('1998-10-19', 'YYYY-MM-DD'));
INSERT INTO dominancia VALUES('Et sit.', 'Nostrum.', TO_DATE('1922-06-23', 'YYYY-MM-DD'), TO_DATE('2094-09-20', 'YYYY-MM-DD'));
INSERT INTO dominancia VALUES('ITG 25B', 'Quo rem.', TO_DATE('1940-01-08', 'YYYY-MM-DD'), TO_DATE('1958-09-04', 'YYYY-MM-DD'));
INSERT INTO dominancia VALUES('Eum et.', 'Odio ad.', TO_DATE('1976-02-19', 'YYYY-MM-DD'), TO_DATE('2016-10-14', 'YYYY-MM-DD'));
INSERT INTO dominancia VALUES('Ad aut.', 'Non est.', TO_DATE('2019-02-18', 'YYYY-MM-DD'), TO_DATE('2019-08-16', 'YYYY-MM-DD'));
INSERT INTO dominancia VALUES('Ad aut.', 'Sunt at.', TO_DATE('2020-01-01', 'YYYY-MM-DD'), NULL);
INSERT INTO dominancia VALUES('Rem ab.', 'Dicta a.', TO_DATE('1906-03-01', 'YYYY-MM-DD'), TO_DATE('1955-10-05', 'YYYY-MM-DD'));
INSERT INTO dominancia VALUES('K2-91 b', 'Quis ad.', TO_DATE('1983-04-14', 'YYYY-MM-DD'), TO_DATE('2090-12-16', 'YYYY-MM-DD'));
INSERT INTO dominancia VALUES('K2-49 b', 'Vero in.', TO_DATE('1962-02-03', 'YYYY-MM-DD'), NULL);
INSERT INTO dominancia VALUES('Quo ut.', 'In quae.', TO_DATE('1937-01-09', 'YYYY-MM-DD'), TO_DATE('1995-08-18', 'YYYY-MM-DD'));
INSERT INTO dominancia VALUES('Fuga a.', 'Id a ad.', TO_DATE('1970-05-04', 'YYYY-MM-DD'), TO_DATE('2004-11-04', 'YYYY-MM-DD'));
INSERT INTO dominancia VALUES('K2-14 b', 'Fuga ut.', TO_DATE('1969-01-25', 'YYYY-MM-DD'), TO_DATE('2077-12-15', 'YYYY-MM-DD'));
INSERT INTO dominancia VALUES('Id hic.', 'Ad quae.', TO_DATE('1994-06-25', 'YYYY-MM-DD'), NULL);
INSERT INTO dominancia VALUES('K2-65 b', 'Iste at.', TO_DATE('1957-03-12', 'YYYY-MM-DD'), NULL);
INSERT INTO dominancia VALUES('Aut ex.', 'In a ab.', TO_DATE('1999-02-07', 'YYYY-MM-DD'), NULL);
INSERT INTO dominancia VALUES('K2-73 b', 'In nisi.', TO_DATE('1980-04-06', 'YYYY-MM-DD'), NULL);
INSERT INTO dominancia VALUES('K2-36 b', 'A non a.', TO_DATE('2003-01-19', 'YYYY-MM-DD'), TO_DATE('2020-09-18', 'YYYY-MM-DD'));
INSERT INTO dominancia VALUES('K2-36 b', 'Ab et a.', TO_DATE('2021-01-01', 'YYYY-MM-DD'), NULL);
INSERT INTO dominancia VALUES('K2-70 b', 'Quam in.', TO_DATE('1973-03-28', 'YYYY-MM-DD'), NULL);
INSERT INTO dominancia VALUES('Sit id.', 'Eum sed.', TO_DATE('1996-04-02', 'YYYY-MM-DD'), NULL);
INSERT INTO dominancia VALUES('Eum ad.', 'Cum cum.', TO_DATE('1931-02-23', 'YYYY-MM-DD'), TO_DATE('2017-09-27', 'YYYY-MM-DD'));
INSERT INTO dominancia VALUES('Eum ad.', 'Enim ex.', TO_DATE('2018-01-01', 'YYYY-MM-DD'), NULL);
INSERT INTO dominancia VALUES('Ad sit.', 'Ad sunt.', TO_DATE('1980-03-21', 'YYYY-MM-DD'), TO_DATE('2061-10-13', 'YYYY-MM-DD'));
INSERT INTO dominancia VALUES('K2-99 c', 'Aut vel.', TO_DATE('1951-05-24', 'YYYY-MM-DD'), NULL);
INSERT INTO dominancia VALUES('Rem id.', 'Eum eum.', TO_DATE('1958-04-11', 'YYYY-MM-DD'), NULL);
INSERT INTO dominancia VALUES('Odit a.', 'Aut vel.', TO_DATE('1993-04-21', 'YYYY-MM-DD'), TO_DATE('2001-12-23', 'YYYY-MM-DD'));
INSERT INTO dominancia VALUES('Et vel.', 'Id odio.', TO_DATE('1927-04-27', 'YYYY-MM-DD'), TO_DATE('1963-08-16', 'YYYY-MM-DD'));
INSERT INTO dominancia VALUES('Et vel.', 'Ad sunt.', TO_DATE('1964-01-01', 'YYYY-MM-DD'), NULL);
INSERT INTO dominancia VALUES('K2-60 b', 'Quas in.', TO_DATE('1972-04-26', 'YYYY-MM-DD'), NULL);
INSERT INTO dominancia VALUES('At est.', 'Aut a a.', TO_DATE('1912-06-26', 'YYYY-MM-DD'), TO_DATE('2021-10-01', 'YYYY-MM-DD'));
INSERT INTO dominancia VALUES('K2-50 b', 'Ea quis.', TO_DATE('1956-04-01', 'YYYY-MM-DD'), NULL);
INSERT INTO dominancia VALUES('K2-16 d', 'Cum cum.', TO_DATE('2012-06-10', 'YYYY-MM-DD'), NULL);
INSERT INTO dominancia VALUES('Quo in.', 'At quod.', TO_DATE('1911-06-12', 'YYYY-MM-DD'), TO_DATE('2077-09-03', 'YYYY-MM-DD'));
INSERT INTO dominancia VALUES('Est ex.', 'A dicta.', TO_DATE('1906-04-21', 'YYYY-MM-DD'), NULL);
INSERT INTO dominancia VALUES('K2-89 b', 'Et eius.', TO_DATE('1954-06-03', 'YYYY-MM-DD'), TO_DATE('2015-12-04', 'YYYY-MM-DD'));
INSERT INTO dominancia VALUES('K2-89 b', 'Sint ad.', TO_DATE('2016-01-01', 'YYYY-MM-DD'), NULL);
INSERT INTO dominancia VALUES('Et a a.', 'Et quae.', TO_DATE('1966-06-15', 'YYYY-MM-DD'), NULL);
INSERT INTO dominancia VALUES('K2-71 b', 'A quasi.', TO_DATE('2010-04-23', 'YYYY-MM-DD'), TO_DATE('2016-08-16', 'YYYY-MM-DD'));
INSERT INTO dominancia VALUES('K2-71 b', 'Ad quae.', TO_DATE('2017-01-01', 'YYYY-MM-DD'), NULL);
INSERT INTO dominancia VALUES('Ab sed.', 'Ad quae.', TO_DATE('1940-03-10', 'YYYY-MM-DD'), NULL);
INSERT INTO dominancia VALUES('Aut at.', 'Quo rem.', TO_DATE('1982-06-05', 'YYYY-MM-DD'), TO_DATE('2060-07-17', 'YYYY-MM-DD'));
INSERT INTO dominancia VALUES('Ipsa a.', 'A dicta.', TO_DATE('1956-03-24', 'YYYY-MM-DD'), NULL);
INSERT INTO dominancia VALUES('A quos.', 'A ab ut.', TO_DATE('1978-06-15', 'YYYY-MM-DD'), NULL);
INSERT INTO dominancia VALUES('4 Uma b', 'Illo ea.', TO_DATE('1996-01-19', 'YYYY-MM-DD'), TO_DATE('2050-12-13', 'YYYY-MM-DD'));
INSERT INTO dominancia VALUES('K2-37 b', 'Nam non.', TO_DATE('2001-02-08', 'YYYY-MM-DD'), TO_DATE('2018-09-21', 'YYYY-MM-DD'));
INSERT INTO dominancia VALUES('A modi.', 'At ab a.', TO_DATE('1936-06-01', 'YYYY-MM-DD'), TO_DATE('2013-12-10', 'YYYY-MM-DD'));
INSERT INTO dominancia VALUES('Unde a.', 'Ab sint.', TO_DATE('1937-06-02', 'YYYY-MM-DD'), TO_DATE('1998-08-16', 'YYYY-MM-DD'));
INSERT INTO dominancia VALUES('Unde a.', 'Ab a ad.', TO_DATE('1999-01-01', 'YYYY-MM-DD'), NULL);
INSERT INTO dominancia VALUES('K2-18 b', 'Fuga ab.', TO_DATE('1967-01-12', 'YYYY-MM-DD'), TO_DATE('2074-09-05', 'YYYY-MM-DD'));
INSERT INTO dominancia VALUES('In eum.', 'Fuga ut.', TO_DATE('1969-06-06', 'YYYY-MM-DD'), TO_DATE('2006-10-25', 'YYYY-MM-DD'));
INSERT INTO dominancia VALUES('In eum.', 'A sit a.', TO_DATE('2007-01-01', 'YYYY-MM-DD'), NULL);
INSERT INTO dominancia VALUES('Eos at.', 'Dolor a.', TO_DATE('1905-01-26', 'YYYY-MM-DD'), TO_DATE('1996-10-17', 'YYYY-MM-DD'));
INSERT INTO dominancia VALUES('K2-83 c', 'Fuga in.', TO_DATE('1954-06-13', 'YYYY-MM-DD'), TO_DATE('1993-07-21', 'YYYY-MM-DD'));
INSERT INTO dominancia VALUES('K2-83 c', 'Quam ex.', TO_DATE('1994-01-01', 'YYYY-MM-DD'), NULL);
INSERT INTO dominancia VALUES('In est.', 'A ullam.', TO_DATE('1965-02-26', 'YYYY-MM-DD'), TO_DATE('1981-08-18', 'YYYY-MM-DD'));
INSERT INTO dominancia VALUES('In est.', 'Vero ea.', TO_DATE('1982-01-01', 'YYYY-MM-DD'), NULL);
INSERT INTO dominancia VALUES('Ea est.', 'Aut sed.', TO_DATE('1907-02-03', 'YYYY-MM-DD'), TO_DATE('2062-10-04', 'YYYY-MM-DD'));
INSERT INTO dominancia VALUES('6 Lyn b', 'Ea eius.', TO_DATE('1939-06-24', 'YYYY-MM-DD'), TO_DATE('1940-12-24', 'YYYY-MM-DD'));
INSERT INTO dominancia VALUES('Rem ad.', 'Et nisi.', TO_DATE('1920-04-12', 'YYYY-MM-DD'), NULL);
INSERT INTO dominancia VALUES('WTS-1 b', 'Sed eum.', TO_DATE('1921-03-05', 'YYYY-MM-DD'), NULL);
INSERT INTO dominancia VALUES('Sit in.', 'In a ab.', TO_DATE('1998-01-11', 'YYYY-MM-DD'), TO_DATE('2031-10-09', 'YYYY-MM-DD'));
INSERT INTO dominancia VALUES('K2-84 c', 'Ad sunt.', TO_DATE('1980-01-16', 'YYYY-MM-DD'), TO_DATE('2043-10-17', 'YYYY-MM-DD'));
INSERT INTO dominancia VALUES('K2-38 b', 'Quo est.', TO_DATE('1921-03-06', 'YYYY-MM-DD'), TO_DATE('1994-09-25', 'YYYY-MM-DD'));
INSERT INTO dominancia VALUES('Qui in.', 'Ut fuga.', TO_DATE('1929-06-17', 'YYYY-MM-DD'), NULL);
INSERT INTO dominancia VALUES('Sed et.', 'In id a.', TO_DATE('1931-01-16', 'YYYY-MM-DD'), NULL);
INSERT INTO dominancia VALUES('K2-13 b', 'Nisi ad.', TO_DATE('2019-01-18', 'YYYY-MM-DD'), NULL);
INSERT INTO dominancia VALUES('7 CMA c', 'Modi id.', TO_DATE('1941-02-14', 'YYYY-MM-DD'), TO_DATE('1950-12-11', 'YYYY-MM-DD'));
INSERT INTO dominancia VALUES('K2-63 c', 'A quasi.', TO_DATE('1964-06-02', 'YYYY-MM-DD'), NULL);
INSERT INTO dominancia VALUES('Sint a.', 'Aut a a.', TO_DATE('1951-01-15', 'YYYY-MM-DD'), NULL);
INSERT INTO dominancia VALUES('Ab non.', 'Non sit.', TO_DATE('1911-05-15', 'YYYY-MM-DD'), TO_DATE('1983-07-12', 'YYYY-MM-DD'));
INSERT INTO dominancia VALUES('K2-48 b', 'At nisi.', TO_DATE('1931-04-12', 'YYYY-MM-DD'), NULL);
INSERT INTO dominancia VALUES('Et eos.', 'Eum eos.', TO_DATE('1993-05-25', 'YYYY-MM-DD'), TO_DATE('2006-08-05', 'YYYY-MM-DD'));
INSERT INTO dominancia VALUES('Et eos.', 'At nemo.', TO_DATE('2007-01-01', 'YYYY-MM-DD'), NULL);
INSERT INTO dominancia VALUES('K2-88 b', 'Amet at.', TO_DATE('1981-06-01', 'YYYY-MM-DD'), NULL);
INSERT INTO dominancia VALUES('Nam at.', 'Et a in.', TO_DATE('2008-06-24', 'YYYY-MM-DD'), TO_DATE('2011-09-04', 'YYYY-MM-DD'));
INSERT INTO dominancia VALUES('Nam at.', 'Esse in.', TO_DATE('2012-01-01', 'YYYY-MM-DD'), NULL);
INSERT INTO dominancia VALUES('K2-46 b', 'Enim ex.', TO_DATE('1991-03-03', 'YYYY-MM-DD'), NULL);
INSERT INTO dominancia VALUES('Non at.', 'Ex odit.', TO_DATE('1952-06-12', 'YYYY-MM-DD'), TO_DATE('1964-10-24', 'YYYY-MM-DD'));
INSERT INTO dominancia VALUES('K2-32 c', 'Ad ex a.', TO_DATE('2004-04-03', 'YYYY-MM-DD'), TO_DATE('2008-11-19', 'YYYY-MM-DD'));
INSERT INTO dominancia VALUES('K2-32 c', 'Ea vero.', TO_DATE('2009-01-01', 'YYYY-MM-DD'), NULL);
INSERT INTO dominancia VALUES('A eius.', 'Nam non.', TO_DATE('2018-04-23', 'YYYY-MM-DD'), TO_DATE('2052-12-11', 'YYYY-MM-DD'));
INSERT INTO dominancia VALUES('Libero.', 'Et eius.', TO_DATE('1909-02-05', 'YYYY-MM-DD'), TO_DATE('1930-11-04', 'YYYY-MM-DD'));
INSERT INTO dominancia VALUES('Libero.', 'Sint et.', TO_DATE('1931-01-01', 'YYYY-MM-DD'), NULL);
INSERT INTO dominancia VALUES('Ex cum.', 'Odio ex.', TO_DATE('1915-05-12', 'YYYY-MM-DD'), TO_DATE('1982-08-15', 'YYYY-MM-DD'));
INSERT INTO dominancia VALUES('In a a.', 'Modi et.', TO_DATE('1920-06-10', 'YYYY-MM-DD'), NULL);
INSERT INTO dominancia VALUES('Cumque.', 'Dolor a.', TO_DATE('2006-03-05', 'YYYY-MM-DD'), TO_DATE('2017-07-23', 'YYYY-MM-DD'));
INSERT INTO dominancia VALUES('Cumque.', 'Sit eum.', TO_DATE('2018-01-01', 'YYYY-MM-DD'), NULL);
INSERT INTO dominancia VALUES('Amet a.', 'Quo nam.', TO_DATE('1933-02-01', 'YYYY-MM-DD'), TO_DATE('2073-10-28', 'YYYY-MM-DD'));
INSERT INTO dominancia VALUES('K2-97 b', 'Non qui.', TO_DATE('1912-04-04', 'YYYY-MM-DD'), TO_DATE('2018-08-04', 'YYYY-MM-DD'));
INSERT INTO dominancia VALUES('Eum in.', 'Ab odit.', TO_DATE('1916-02-27', 'YYYY-MM-DD'), NULL);
INSERT INTO dominancia VALUES('K2-26 b', 'Non est.', TO_DATE('1910-05-19', 'YYYY-MM-DD'), TO_DATE('1918-09-27', 'YYYY-MM-DD'));
INSERT INTO dominancia VALUES('K2-26 b', 'Non est.', TO_DATE('1919-01-01', 'YYYY-MM-DD'), NULL);
INSERT INTO dominancia VALUES('K2-59 c', 'Vero in.', TO_DATE('2003-02-03', 'YYYY-MM-DD'), TO_DATE('2017-09-04', 'YYYY-MM-DD'));
INSERT INTO dominancia VALUES('K2-59 c', 'Ex unde.', TO_DATE('2018-01-01', 'YYYY-MM-DD'), NULL);
INSERT INTO dominancia VALUES('At hic.', 'Dolorem.', TO_DATE('2005-06-13', 'YYYY-MM-DD'), TO_DATE('2059-10-01', 'YYYY-MM-DD'));
INSERT INTO dominancia VALUES('Est ab.', 'Ex modi.', TO_DATE('1945-02-06', 'YYYY-MM-DD'), TO_DATE('1983-09-09', 'YYYY-MM-DD'));
INSERT INTO dominancia VALUES('Est ab.', 'Dicta a.', TO_DATE('1984-01-01', 'YYYY-MM-DD'), NULL);
INSERT INTO dominancia VALUES('Quia a.', 'Nam sed.', TO_DATE('1931-06-10', 'YYYY-MM-DD'), NULL);
INSERT INTO dominancia VALUES('Ea sed.', 'Hic quo.', TO_DATE('1907-01-09', 'YYYY-MM-DD'), TO_DATE('2071-10-05', 'YYYY-MM-DD'));
INSERT INTO dominancia VALUES('At non.', 'Quae et.', TO_DATE('1931-06-26', 'YYYY-MM-DD'), TO_DATE('1979-11-26', 'YYYY-MM-DD'));
INSERT INTO dominancia VALUES('K2-28 b', 'Est nam.', TO_DATE('1961-05-26', 'YYYY-MM-DD'), NULL);
INSERT INTO dominancia VALUES('Ad qui.', 'Quas ea.', TO_DATE('1941-04-09', 'YYYY-MM-DD'), TO_DATE('1997-08-01', 'YYYY-MM-DD'));
INSERT INTO dominancia VALUES('Ad qui.', 'At a ex.', TO_DATE('1998-01-01', 'YYYY-MM-DD'), NULL);
INSERT INTO dominancia VALUES('Sit ex.', 'Modi ut.', TO_DATE('2003-04-17', 'YYYY-MM-DD'), TO_DATE('2032-09-25', 'YYYY-MM-DD'));
INSERT INTO dominancia VALUES('K2-35 b', 'Unde ex.', TO_DATE('1912-02-22', 'YYYY-MM-DD'), TO_DATE('2100-08-09', 'YYYY-MM-DD'));
INSERT INTO dominancia VALUES('A et a.', 'Ea eius.', TO_DATE('1997-02-19', 'YYYY-MM-DD'), NULL);
INSERT INTO dominancia VALUES('Ad cum.', 'Ex modi.', TO_DATE('1922-02-19', 'YYYY-MM-DD'), NULL);
INSERT INTO dominancia VALUES('K2-72 b', 'Est nam.', TO_DATE('2016-05-01', 'YYYY-MM-DD'), TO_DATE('2088-12-23', 'YYYY-MM-DD'));
INSERT INTO dominancia VALUES('Vel id.', 'Esse id.', TO_DATE('1918-05-07', 'YYYY-MM-DD'), TO_DATE('2043-10-18', 'YYYY-MM-DD'));
INSERT INTO dominancia VALUES('In cum.', 'Sit sed.', TO_DATE('1911-01-08', 'YYYY-MM-DD'), TO_DATE('1972-11-08', 'YYYY-MM-DD'));
INSERT INTO dominancia VALUES('In cum.', 'Id modi.', TO_DATE('1973-01-01', 'YYYY-MM-DD'), NULL);
INSERT INTO dominancia VALUES('K2-16 c', 'Et odio.', TO_DATE('2003-02-11', 'YYYY-MM-DD'), NULL);
INSERT INTO dominancia VALUES('Cum ex.', 'Rem quo.', TO_DATE('1907-01-05', 'YYYY-MM-DD'), NULL);
INSERT INTO dominancia VALUES('Ex eos.', 'Sunt ad.', TO_DATE('2008-05-28', 'YYYY-MM-DD'), TO_DATE('2092-09-03', 'YYYY-MM-DD'));
INSERT INTO dominancia VALUES('Nam id.', 'Fuga at.', TO_DATE('1975-01-11', 'YYYY-MM-DD'), TO_DATE('1985-09-11', 'YYYY-MM-DD'));
INSERT INTO dominancia VALUES('ITG 15B', 'Vero ea.', TO_DATE('2001-06-16', 'YYYY-MM-DD'), TO_DATE('2018-12-11', 'YYYY-MM-DD'));
INSERT INTO dominancia VALUES('K2-43 c', 'Id modi.', TO_DATE('2000-03-08', 'YYYY-MM-DD'), NULL);
INSERT INTO dominancia VALUES('Et nam.', 'Saepe a.', TO_DATE('1939-06-23', 'YYYY-MM-DD'), TO_DATE('1939-09-05', 'YYYY-MM-DD'));
INSERT INTO dominancia VALUES('K2-15 b', 'Ex unde.', TO_DATE('1950-05-02', 'YYYY-MM-DD'), TO_DATE('2006-08-20', 'YYYY-MM-DD'));
INSERT INTO dominancia VALUES('Ex rem.', 'Quae ab.', TO_DATE('2019-04-05', 'YYYY-MM-DD'), TO_DATE('2020-09-24', 'YYYY-MM-DD'));
INSERT INTO dominancia VALUES('A odit.', 'A id ad.', TO_DATE('1981-01-27', 'YYYY-MM-DD'), NULL);
INSERT INTO dominancia VALUES('K2-29 b', 'Quia ex.', TO_DATE('1957-01-09', 'YYYY-MM-DD'), NULL);
INSERT INTO dominancia VALUES('K2-12 b', 'Odio in.', TO_DATE('1932-01-24', 'YYYY-MM-DD'), TO_DATE('2039-07-02', 'YYYY-MM-DD'));
INSERT INTO dominancia VALUES('K2-32 b', 'A id ad.', TO_DATE('2013-04-16', 'YYYY-MM-DD'), TO_DATE('2025-10-12', 'YYYY-MM-DD'));
INSERT INTO dominancia VALUES('A a ex.', 'Hic quo.', TO_DATE('2000-05-21', 'YYYY-MM-DD'), TO_DATE('2002-12-08', 'YYYY-MM-DD'));
INSERT INTO dominancia VALUES('WTS-2 b', 'Ut odio.', TO_DATE('1937-01-11', 'YYYY-MM-DD'), TO_DATE('1958-09-04', 'YYYY-MM-DD'));
INSERT INTO dominancia VALUES('In eos.', 'Unde ad.', TO_DATE('1993-01-18', 'YYYY-MM-DD'), TO_DATE('2071-07-11', 'YYYY-MM-DD'));
INSERT INTO dominancia VALUES('A nisi.', 'Sint ea.', TO_DATE('1990-01-14', 'YYYY-MM-DD'), NULL);
INSERT INTO dominancia VALUES('K2-74 b', 'Ea quae.', TO_DATE('1920-01-04', 'YYYY-MM-DD'), NULL);
INSERT INTO dominancia VALUES('K2-95 b', 'Quia ab.', TO_DATE('1989-05-24', 'YYYY-MM-DD'), TO_DATE('2007-12-18', 'YYYY-MM-DD'));
INSERT INTO dominancia VALUES('K2-95 b', 'Et illo.', TO_DATE('2008-01-01', 'YYYY-MM-DD'), NULL);
INSERT INTO dominancia VALUES('K2-80 c', 'Sit eum.', TO_DATE('1950-05-18', 'YYYY-MM-DD'), TO_DATE('1950-10-05', 'YYYY-MM-DD'));
INSERT INTO dominancia VALUES('K2-80 c', 'Aliquid.', TO_DATE('1951-01-01', 'YYYY-MM-DD'), NULL);
INSERT INTO dominancia VALUES('Fugiat.', 'Odit id.', TO_DATE('1976-04-07', 'YYYY-MM-DD'), TO_DATE('2016-07-01', 'YYYY-MM-DD'));
INSERT INTO dominancia VALUES('Fugiat.', 'Est eum.', TO_DATE('2017-01-01', 'YYYY-MM-DD'), NULL);
INSERT INTO dominancia VALUES('Qui ut.', 'At vero.', TO_DATE('2008-01-10', 'YYYY-MM-DD'), TO_DATE('2092-10-16', 'YYYY-MM-DD'));
INSERT INTO dominancia VALUES('Ab eos.', 'Cum eum.', TO_DATE('1911-06-18', 'YYYY-MM-DD'), TO_DATE('2008-10-06', 'YYYY-MM-DD'));
INSERT INTO dominancia VALUES('Ab eos.', 'Est est.', TO_DATE('2009-01-01', 'YYYY-MM-DD'), NULL);
INSERT INTO dominancia VALUES('K2-86 b', 'Placeat.', TO_DATE('1933-04-15', 'YYYY-MM-DD'), NULL);
INSERT INTO dominancia VALUES('Ut est.', 'Esse id.', TO_DATE('1907-02-25', 'YYYY-MM-DD'), TO_DATE('1992-12-22', 'YYYY-MM-DD'));
INSERT INTO dominancia VALUES('Ut est.', 'At nemo.', TO_DATE('1993-01-01', 'YYYY-MM-DD'), NULL);
INSERT INTO dominancia VALUES('K2-45 b', 'Est sed.', TO_DATE('1996-05-08', 'YYYY-MM-DD'), NULL);
INSERT INTO dominancia VALUES('Cum ea.', 'Ut ipsa.', TO_DATE('1953-05-22', 'YYYY-MM-DD'), NULL);
INSERT INTO dominancia VALUES('Ea eos.', 'A iusto.', TO_DATE('1938-01-13', 'YYYY-MM-DD'), TO_DATE('2070-12-02', 'YYYY-MM-DD'));
INSERT INTO dominancia VALUES('Soluta.', 'Id iure.', TO_DATE('1986-05-05', 'YYYY-MM-DD'), TO_DATE('2007-07-25', 'YYYY-MM-DD'));
INSERT INTO dominancia VALUES('K2-21 b', 'Id ab a.', TO_DATE('1916-01-14', 'YYYY-MM-DD'), TO_DATE('2076-07-22', 'YYYY-MM-DD'));
INSERT INTO dominancia VALUES('Eos ad.', 'Ad a ad.', TO_DATE('2006-05-09', 'YYYY-MM-DD'), NULL);
INSERT INTO dominancia VALUES('K2-38 c', 'Vel quo.', TO_DATE('1911-04-18', 'YYYY-MM-DD'), TO_DATE('1981-10-18', 'YYYY-MM-DD'));
INSERT INTO dominancia VALUES('Est in.', 'In id a.', TO_DATE('2000-06-20', 'YYYY-MM-DD'), NULL);
INSERT INTO dominancia VALUES('Teide 1', 'Ea odio.', TO_DATE('1953-02-05', 'YYYY-MM-DD'), TO_DATE('1978-11-19', 'YYYY-MM-DD'));
INSERT INTO dominancia VALUES('Est at.', 'Esse id.', TO_DATE('1999-01-26', 'YYYY-MM-DD'), TO_DATE('2043-09-28', 'YYYY-MM-DD'));
INSERT INTO dominancia VALUES('Hic et.', 'A ab ut.', TO_DATE('1933-04-21', 'YYYY-MM-DD'), NULL);
INSERT INTO dominancia VALUES('SOI-3 b', 'Sit sed.', TO_DATE('1922-03-13', 'YYYY-MM-DD'), NULL);
INSERT INTO dominancia VALUES('A odio.', 'Harum a.', TO_DATE('1904-04-11', 'YYYY-MM-DD'), TO_DATE('1964-12-08', 'YYYY-MM-DD'));
INSERT INTO dominancia VALUES('A enim.', 'Nam rem.', TO_DATE('1902-03-27', 'YYYY-MM-DD'), TO_DATE('1964-09-10', 'YYYY-MM-DD'));
INSERT INTO dominancia VALUES('Facere.', 'Hic sit.', TO_DATE('2011-02-05', 'YYYY-MM-DD'), TO_DATE('2052-09-24', 'YYYY-MM-DD'));
INSERT INTO dominancia VALUES('Id sit.', 'At unde.', TO_DATE('1993-04-20', 'YYYY-MM-DD'), TO_DATE('1999-12-03', 'YYYY-MM-DD'));
INSERT INTO dominancia VALUES('Cum et.', 'Odio ex.', TO_DATE('1994-04-25', 'YYYY-MM-DD'), TO_DATE('2001-11-28', 'YYYY-MM-DD'));
INSERT INTO dominancia VALUES('A nemo.', 'Unde ex.', TO_DATE('1908-03-23', 'YYYY-MM-DD'), TO_DATE('2016-11-13', 'YYYY-MM-DD'));
INSERT INTO dominancia VALUES('Ea nam.', 'Odit ut.', TO_DATE('1903-02-07', 'YYYY-MM-DD'), TO_DATE('1907-08-27', 'YYYY-MM-DD'));
INSERT INTO dominancia VALUES('Ea nam.', 'A neque.', TO_DATE('1908-01-01', 'YYYY-MM-DD'), NULL);
INSERT INTO dominancia VALUES('K2-98 b', 'Odio et.', TO_DATE('1935-03-27', 'YYYY-MM-DD'), TO_DATE('1966-10-17', 'YYYY-MM-DD'));
INSERT INTO dominancia VALUES('Id vel.', 'In quia.', TO_DATE('1947-04-20', 'YYYY-MM-DD'), NULL);
INSERT INTO dominancia VALUES('Vel et.', 'At vero.', TO_DATE('1975-05-12', 'YYYY-MM-DD'), NULL);
INSERT INTO dominancia VALUES('Ad non.', 'Sed eum.', TO_DATE('1995-06-03', 'YYYY-MM-DD'), TO_DATE('2015-09-01', 'YYYY-MM-DD'));
INSERT INTO dominancia VALUES('Vel at.', 'Aperiam.', TO_DATE('2009-02-21', 'YYYY-MM-DD'), TO_DATE('2019-08-22', 'YYYY-MM-DD'));
INSERT INTO dominancia VALUES('Vel at.', 'Sint ut.', TO_DATE('2020-01-01', 'YYYY-MM-DD'), NULL);
INSERT INTO dominancia VALUES('Quo id.', 'Iste ea.', TO_DATE('1960-02-21', 'YYYY-MM-DD'), NULL);
INSERT INTO dominancia VALUES('Vel ea.', 'Modi id.', TO_DATE('1932-05-26', 'YYYY-MM-DD'), NULL);
INSERT INTO dominancia VALUES('Sit ab.', 'A ex et.', TO_DATE('1935-04-13', 'YYYY-MM-DD'), TO_DATE('1994-09-15', 'YYYY-MM-DD'));
INSERT INTO dominancia VALUES('Sit ab.', 'Ex odit.', TO_DATE('1995-01-01', 'YYYY-MM-DD'), NULL);
INSERT INTO dominancia VALUES('Aut ut.', 'Et fuga.', TO_DATE('1950-05-04', 'YYYY-MM-DD'), NULL);
INSERT INTO dominancia VALUES('Ex est.', 'Nam qui.', TO_DATE('1971-06-20', 'YYYY-MM-DD'), TO_DATE('1977-11-10', 'YYYY-MM-DD'));
INSERT INTO dominancia VALUES('Ex est.', 'Et amet.', TO_DATE('1978-01-01', 'YYYY-MM-DD'), NULL);
INSERT INTO dominancia VALUES('Ut nam.', 'Iure in.', TO_DATE('1981-03-28', 'YYYY-MM-DD'), NULL);
INSERT INTO dominancia VALUES('Eum at.', 'Eius id.', TO_DATE('1924-02-17', 'YYYY-MM-DD'), NULL);
INSERT INTO dominancia VALUES('Nam ex.', 'Eum qui.', TO_DATE('1951-06-11', 'YYYY-MM-DD'), NULL);
INSERT INTO dominancia VALUES('K2-17 b', 'Quos ex.', TO_DATE('1937-03-14', 'YYYY-MM-DD'), NULL);
INSERT INTO dominancia VALUES('Aut ab.', 'Sit non.', TO_DATE('1990-05-27', 'YYYY-MM-DD'), NULL);
INSERT INTO dominancia VALUES('Cum at.', 'Ab odit.', TO_DATE('1987-05-21', 'YYYY-MM-DD'), TO_DATE('2025-10-22', 'YYYY-MM-DD'));
INSERT INTO dominancia VALUES('Aut id.', 'Quod ad.', TO_DATE('2007-06-18', 'YYYY-MM-DD'), TO_DATE('2009-08-10', 'YYYY-MM-DD'));
INSERT INTO dominancia VALUES('Non in.', 'Sed aut.', TO_DATE('1997-02-22', 'YYYY-MM-DD'), TO_DATE('2008-09-21', 'YYYY-MM-DD'));
INSERT INTO dominancia VALUES('Non in.', 'Et esse.', TO_DATE('2009-01-01', 'YYYY-MM-DD'), NULL);
INSERT INTO dominancia VALUES('GPX-1 b', 'Id quis.', TO_DATE('2000-03-12', 'YYYY-MM-DD'), TO_DATE('2003-09-19', 'YYYY-MM-DD'));
INSERT INTO dominancia VALUES('GPX-1 b', 'At ea a.', TO_DATE('2004-01-01', 'YYYY-MM-DD'), NULL);
INSERT INTO dominancia VALUES('Ut sit.', 'Sit non.', TO_DATE('1974-05-03', 'YYYY-MM-DD'), TO_DATE('2085-10-07', 'YYYY-MM-DD'));
INSERT INTO dominancia VALUES('Ut non.', 'Eum cum.', TO_DATE('1967-03-14', 'YYYY-MM-DD'), NULL);
INSERT INTO dominancia VALUES('Ad quo.', 'A autem.', TO_DATE('1925-03-14', 'YYYY-MM-DD'), TO_DATE('2016-11-15', 'YYYY-MM-DD'));
INSERT INTO dominancia VALUES('Ad quo.', 'Est eum.', TO_DATE('2017-01-01', 'YYYY-MM-DD'), NULL);
INSERT INTO dominancia VALUES('K2-90 c', 'At quas.', TO_DATE('1942-06-06', 'YYYY-MM-DD'), TO_DATE('1999-09-21', 'YYYY-MM-DD'));
INSERT INTO dominancia VALUES('K2-90 c', 'Vel est.', TO_DATE('2000-01-01', 'YYYY-MM-DD'), NULL);
INSERT INTO dominancia VALUES('Eum ex.', 'Ad sunt.', TO_DATE('1997-02-16', 'YYYY-MM-DD'), NULL);
INSERT INTO dominancia VALUES('K2-31 b', 'At ea a.', TO_DATE('1954-04-14', 'YYYY-MM-DD'), TO_DATE('1979-10-13', 'YYYY-MM-DD'));
INSERT INTO dominancia VALUES('K2-63 b', 'A ea at.', TO_DATE('2014-03-25', 'YYYY-MM-DD'), TO_DATE('2014-11-07', 'YYYY-MM-DD'));
INSERT INTO dominancia VALUES('Id cum.', 'Non qui.', TO_DATE('1928-06-12', 'YYYY-MM-DD'), TO_DATE('1992-09-05', 'YYYY-MM-DD'));
INSERT INTO dominancia VALUES('Aut ea.', 'A id ad.', TO_DATE('1908-01-10', 'YYYY-MM-DD'), NULL);
INSERT INTO dominancia VALUES('Ab vel.', 'Est vel.', TO_DATE('1967-03-14', 'YYYY-MM-DD'), TO_DATE('2092-12-05', 'YYYY-MM-DD'));
INSERT INTO dominancia VALUES('At cum.', 'Est nam.', TO_DATE('1996-02-06', 'YYYY-MM-DD'), TO_DATE('2019-10-01', 'YYYY-MM-DD'));
INSERT INTO dominancia VALUES('J1433 b', 'Quas ut.', TO_DATE('1993-01-19', 'YYYY-MM-DD'), TO_DATE('2015-11-06', 'YYYY-MM-DD'));
INSERT INTO dominancia VALUES('Vero a.', 'Sit sed.', TO_DATE('1948-06-09', 'YYYY-MM-DD'), TO_DATE('1954-11-20', 'YYYY-MM-DD'));
INSERT INTO dominancia VALUES('K2-81 b', 'Sint ut.', TO_DATE('1906-06-04', 'YYYY-MM-DD'), TO_DATE('2046-10-15', 'YYYY-MM-DD'));
INSERT INTO dominancia VALUES('A iste.', 'Nobis a.', TO_DATE('1960-06-05', 'YYYY-MM-DD'), NULL);
INSERT INTO dominancia VALUES('XO-2N b', 'Iste ea.', TO_DATE('1938-04-22', 'YYYY-MM-DD'), TO_DATE('2097-07-22', 'YYYY-MM-DD'));
INSERT INTO dominancia VALUES('A illo.', 'Vel aut.', TO_DATE('1989-02-14', 'YYYY-MM-DD'), NULL);
INSERT INTO dominancia VALUES('Quo at.', 'In a ab.', TO_DATE('1936-01-26', 'YYYY-MM-DD'), TO_DATE('1961-07-16', 'YYYY-MM-DD'));
INSERT INTO dominancia VALUES('K2-62 b', 'Ut ipsa.', TO_DATE('1925-03-23', 'YYYY-MM-DD'), TO_DATE('1995-10-10', 'YYYY-MM-DD'));
INSERT INTO dominancia VALUES('K2-62 b', 'A ipsum.', TO_DATE('1996-01-01', 'YYYY-MM-DD'), NULL);
INSERT INTO dominancia VALUES('Quod a.', 'Ipsa ex.', TO_DATE('1942-02-01', 'YYYY-MM-DD'), TO_DATE('1956-07-22', 'YYYY-MM-DD'));
INSERT INTO dominancia VALUES('Sed ut.', 'Sed nam.', TO_DATE('1919-01-25', 'YYYY-MM-DD'), NULL);
INSERT INTO dominancia VALUES('Ab cum.', 'Rem non.', TO_DATE('2015-03-21', 'YYYY-MM-DD'), NULL);
INSERT INTO dominancia VALUES('SOI-4 b', 'Numquam.', TO_DATE('1933-04-02', 'YYYY-MM-DD'), TO_DATE('1938-07-27', 'YYYY-MM-DD'));
INSERT INTO dominancia VALUES('Et qui.', 'A neque.', TO_DATE('2002-06-11', 'YYYY-MM-DD'), TO_DATE('2003-10-24', 'YYYY-MM-DD'));
INSERT INTO dominancia VALUES('Et qui.', 'A autem.', TO_DATE('2004-01-01', 'YYYY-MM-DD'), NULL);
INSERT INTO dominancia VALUES('K2-58 b', 'Ab quia.', TO_DATE('1921-03-12', 'YYYY-MM-DD'), TO_DATE('2014-10-20', 'YYYY-MM-DD'));
INSERT INTO dominancia VALUES('K2-58 b', 'Esse ab.', TO_DATE('2015-01-01', 'YYYY-MM-DD'), NULL);
INSERT INTO dominancia VALUES('K2-37 d', 'Odio ea.', TO_DATE('1914-04-13', 'YYYY-MM-DD'), NULL);
INSERT INTO dominancia VALUES('K2-27 b', 'Cum vel.', TO_DATE('2002-04-21', 'YYYY-MM-DD'), TO_DATE('2003-08-04', 'YYYY-MM-DD'));
INSERT INTO dominancia VALUES('K2-72 c', 'Unde ex.', TO_DATE('1913-04-19', 'YYYY-MM-DD'), TO_DATE('2025-10-26', 'YYYY-MM-DD'));
INSERT INTO dominancia VALUES('In sit.', 'Eos qui.', TO_DATE('1978-04-25', 'YYYY-MM-DD'), TO_DATE('2021-09-20', 'YYYY-MM-DD'));
INSERT INTO dominancia VALUES('Ut quo.', 'Quas in.', TO_DATE('1961-04-04', 'YYYY-MM-DD'), TO_DATE('1977-10-15', 'YYYY-MM-DD'));
INSERT INTO dominancia VALUES('Ad nam.', 'In id a.', TO_DATE('1990-06-17', 'YYYY-MM-DD'), NULL);
INSERT INTO dominancia VALUES('Ab eum.', 'Modi id.', TO_DATE('1985-03-17', 'YYYY-MM-DD'), NULL);
INSERT INTO dominancia VALUES('Ex qui.', 'Ab esse.', TO_DATE('1955-06-24', 'YYYY-MM-DD'), TO_DATE('2053-08-16', 'YYYY-MM-DD'));
INSERT INTO dominancia VALUES('Id sed.', 'Sunt ut.', TO_DATE('2007-05-20', 'YYYY-MM-DD'), NULL);
INSERT INTO dominancia VALUES('Cum ab.', 'Ea quis.', TO_DATE('1964-04-28', 'YYYY-MM-DD'), TO_DATE('2012-10-28', 'YYYY-MM-DD'));
INSERT INTO dominancia VALUES('Cum ab.', 'In quia.', TO_DATE('2013-01-01', 'YYYY-MM-DD'), NULL);
INSERT INTO dominancia VALUES('Eos in.', 'Ab nisi.', TO_DATE('1935-01-17', 'YYYY-MM-DD'), NULL);
INSERT INTO dominancia VALUES('Quae a.', 'Non eum.', TO_DATE('2004-02-03', 'YYYY-MM-DD'), NULL);
INSERT INTO dominancia VALUES('Qui ab.', 'Velit a.', TO_DATE('1911-04-15', 'YYYY-MM-DD'), NULL);
INSERT INTO dominancia VALUES('Ab quo.', 'Quo non.', TO_DATE('1913-04-14', 'YYYY-MM-DD'), TO_DATE('1936-07-18', 'YYYY-MM-DD'));
INSERT INTO dominancia VALUES('A id a.', 'Nostrum.', TO_DATE('1981-03-17', 'YYYY-MM-DD'), NULL);
INSERT INTO dominancia VALUES('K2-66 b', 'Odit ex.', TO_DATE('2021-03-12', 'YYYY-MM-DD'), TO_DATE('2021-07-27', 'YYYY-MM-DD'));
INSERT INTO dominancia VALUES('Non ea.', 'Ab nisi.', TO_DATE('1971-05-20', 'YYYY-MM-DD'), NULL);
INSERT INTO dominancia VALUES('Ex hic.', 'A fugit.', TO_DATE('1914-01-25', 'YYYY-MM-DD'), TO_DATE('1959-12-08', 'YYYY-MM-DD'));
INSERT INTO dominancia VALUES('Non ex.', 'Ab et a.', TO_DATE('1970-05-12', 'YYYY-MM-DD'), TO_DATE('1980-12-04', 'YYYY-MM-DD'));
INSERT INTO dominancia VALUES('Non ex.', 'Quia ab.', TO_DATE('1981-01-01', 'YYYY-MM-DD'), NULL);
INSERT INTO dominancia VALUES('Itaque.', 'Qui eos.', TO_DATE('1932-05-07', 'YYYY-MM-DD'), NULL);
INSERT INTO dominancia VALUES('K2-24 c', 'Sit eos.', TO_DATE('1927-04-27', 'YYYY-MM-DD'), TO_DATE('2033-08-23', 'YYYY-MM-DD'));
INSERT INTO dominancia VALUES('Et non.', 'Aut a a.', TO_DATE('2018-06-27', 'YYYY-MM-DD'), TO_DATE('2021-12-19', 'YYYY-MM-DD'));
INSERT INTO dominancia VALUES('Rem at.', 'Fuga ea.', TO_DATE('1984-05-17', 'YYYY-MM-DD'), TO_DATE('1987-08-16', 'YYYY-MM-DD'));
INSERT INTO dominancia VALUES('Quo et.', 'Dolorem.', TO_DATE('2007-05-16', 'YYYY-MM-DD'), NULL);
INSERT INTO dominancia VALUES('Enim a.', 'Totam a.', TO_DATE('1988-05-06', 'YYYY-MM-DD'), TO_DATE('2012-12-27', 'YYYY-MM-DD'));
INSERT INTO dominancia VALUES('Ad sed.', 'Vel aut.', TO_DATE('2012-03-17', 'YYYY-MM-DD'), NULL);
INSERT INTO dominancia VALUES('Eos ab.', 'Non qui.', TO_DATE('1935-04-11', 'YYYY-MM-DD'), NULL);
INSERT INTO dominancia VALUES('Nam ad.', 'A autem.', TO_DATE('1952-05-23', 'YYYY-MM-DD'), TO_DATE('1992-12-17', 'YYYY-MM-DD'));
INSERT INTO dominancia VALUES('K2-25 b', 'Vero ab.', TO_DATE('1980-02-07', 'YYYY-MM-DD'), NULL);
INSERT INTO dominancia VALUES('Sed ab.', 'Ex a ea.', TO_DATE('2017-06-05', 'YYYY-MM-DD'), NULL);
INSERT INTO dominancia VALUES('K2-80 d', 'Nisi ad.', TO_DATE('1964-05-23', 'YYYY-MM-DD'), NULL);
INSERT INTO dominancia VALUES('K2-32 d', 'Qui quo.', TO_DATE('1971-04-19', 'YYYY-MM-DD'), NULL);
INSERT INTO dominancia VALUES('Ea non.', 'Odio at.', TO_DATE('1936-04-26', 'YYYY-MM-DD'), TO_DATE('1984-07-17', 'YYYY-MM-DD'));
INSERT INTO dominancia VALUES('Ea non.', 'Ea eius.', TO_DATE('1985-01-01', 'YYYY-MM-DD'), NULL);
INSERT INTO dominancia VALUES('K2-77 b', 'Ex quod.', TO_DATE('1934-02-10', 'YYYY-MM-DD'), TO_DATE('1941-12-09', 'YYYY-MM-DD'));
INSERT INTO dominancia VALUES('In nam.', 'Numquam.', TO_DATE('1926-05-02', 'YYYY-MM-DD'), TO_DATE('2083-09-27', 'YYYY-MM-DD'));
INSERT INTO dominancia VALUES('Rem ex.', 'Rem a a.', TO_DATE('2010-02-24', 'YYYY-MM-DD'), TO_DATE('2075-12-18', 'YYYY-MM-DD'));
INSERT INTO dominancia VALUES('K2-79 b', 'Eos eos.', TO_DATE('1988-06-02', 'YYYY-MM-DD'), TO_DATE('2088-10-13', 'YYYY-MM-DD'));
INSERT INTO dominancia VALUES('Illo a.', 'Sint et.', TO_DATE('1970-01-01', 'YYYY-MM-DD'), TO_DATE('2019-12-09', 'YYYY-MM-DD'));
INSERT INTO dominancia VALUES('Ab nam.', 'Id quas.', TO_DATE('2006-02-21', 'YYYY-MM-DD'), NULL);
INSERT INTO dominancia VALUES('Odio a.', 'Sed non.', TO_DATE('1969-06-20', 'YYYY-MM-DD'), NULL);
INSERT INTO dominancia VALUES('Hic ex.', 'Enim et.', TO_DATE('1937-04-06', 'YYYY-MM-DD'), TO_DATE('1959-12-03', 'YYYY-MM-DD'));
INSERT INTO dominancia VALUES('Non ab.', 'A quasi.', TO_DATE('1948-01-14', 'YYYY-MM-DD'), TO_DATE('1968-09-18', 'YYYY-MM-DD'));
INSERT INTO dominancia VALUES('Aut ad.', 'Fugit a.', TO_DATE('1900-03-15', 'YYYY-MM-DD'), TO_DATE('2018-12-05', 'YYYY-MM-DD'));
INSERT INTO dominancia VALUES('Aut ad.', 'Tempore.', TO_DATE('2019-01-01', 'YYYY-MM-DD'), NULL);
INSERT INTO dominancia VALUES('Ut qui.', 'Odit id.', TO_DATE('1978-06-10', 'YYYY-MM-DD'), TO_DATE('2023-10-26', 'YYYY-MM-DD'));
INSERT INTO dominancia VALUES('Ut rem.', 'Quo sed.', TO_DATE('2000-06-11', 'YYYY-MM-DD'), NULL);
INSERT INTO dominancia VALUES('Ea sit.', 'Ex odit.', TO_DATE('1908-05-06', 'YYYY-MM-DD'), TO_DATE('1931-10-18', 'YYYY-MM-DD'));
INSERT INTO dominancia VALUES('Ea sit.', 'Aperiam.', TO_DATE('1932-01-01', 'YYYY-MM-DD'), NULL);
INSERT INTO dominancia VALUES('K2-34 b', 'Ab nisi.', TO_DATE('1942-03-10', 'YYYY-MM-DD'), NULL);
INSERT INTO dominancia VALUES('Est et.', 'A iusto.', TO_DATE('1971-06-01', 'YYYY-MM-DD'), TO_DATE('2032-07-22', 'YYYY-MM-DD'));
INSERT INTO dominancia VALUES('A ab a.', 'Ab illo.', TO_DATE('1978-05-08', 'YYYY-MM-DD'), NULL);
INSERT INTO dominancia VALUES('Vel ut.', 'Eum cum.', TO_DATE('2017-01-13', 'YYYY-MM-DD'), NULL);
INSERT INTO dominancia VALUES('Quos a.', 'Quae ut.', TO_DATE('2016-05-27', 'YYYY-MM-DD'), NULL);
INSERT INTO dominancia VALUES('K2-75 c', 'Est est.', TO_DATE('1962-01-10', 'YYYY-MM-DD'), TO_DATE('1983-12-07', 'YYYY-MM-DD'));
INSERT INTO dominancia VALUES('K2-47 b', 'A id ad.', TO_DATE('1998-05-18', 'YYYY-MM-DD'), TO_DATE('2019-07-21', 'YYYY-MM-DD'));
INSERT INTO dominancia VALUES('K2-58 c', 'Aperiam.', TO_DATE('2010-06-14', 'YYYY-MM-DD'), TO_DATE('2099-07-07', 'YYYY-MM-DD'));
INSERT INTO dominancia VALUES('Rem in.', 'Ea quae.', TO_DATE('1982-01-24', 'YYYY-MM-DD'), TO_DATE('2003-12-05', 'YYYY-MM-DD'));
INSERT INTO dominancia VALUES('Rem in.', 'Quo sed.', TO_DATE('2004-01-01', 'YYYY-MM-DD'), NULL);
INSERT INTO dominancia VALUES('Sed at.', 'Iste ut.', TO_DATE('1922-03-18', 'YYYY-MM-DD'), NULL);
INSERT INTO dominancia VALUES('W0336 b', 'Sed eum.', TO_DATE('1952-04-15', 'YYYY-MM-DD'), TO_DATE('1956-12-13', 'YYYY-MM-DD'));
INSERT INTO dominancia VALUES('W0336 b', 'In a ab.', TO_DATE('1957-01-01', 'YYYY-MM-DD'), NULL);
INSERT INTO dominancia VALUES('Sit ut.', 'Odio at.', TO_DATE('1900-06-24', 'YYYY-MM-DD'), NULL);
INSERT INTO dominancia VALUES('K2-75 b', 'Quis ea.', TO_DATE('1905-06-28', 'YYYY-MM-DD'), NULL);
INSERT INTO dominancia VALUES('Eum ea.', 'Qui eos.', TO_DATE('1937-06-10', 'YYYY-MM-DD'), TO_DATE('1993-11-03', 'YYYY-MM-DD'));
INSERT INTO dominancia VALUES('Eum ea.', 'Ut quam.', TO_DATE('1994-01-01', 'YYYY-MM-DD'), NULL);
INSERT INTO dominancia VALUES('A ut a.', 'At vero.', TO_DATE('1920-05-08', 'YYYY-MM-DD'), TO_DATE('2059-08-24', 'YYYY-MM-DD'));

COMMIT;

INSERT INTO comunidade VALUES('Eos error', 'A655', 2361);
INSERT INTO comunidade VALUES('Ad eum at', 'B115', 6114);
INSERT INTO comunidade VALUES('Ipsa unde', 'C26', 9095);
INSERT INTO comunidade VALUES('Ab non ea', 'D760', 9384);
INSERT INTO comunidade VALUES('Ex eos ut', 'D760', 6457);
INSERT INTO comunidade VALUES('Sint quod', 'E282', 1395);
INSERT INTO comunidade VALUES('Labore at', 'F251', 5634);
INSERT INTO comunidade VALUES('Ipsa unde', 'G229', 8398);
INSERT INTO comunidade VALUES('Nemo nemo', 'H143', 4141);
INSERT INTO comunidade VALUES('A illo ab', 'H143', 1878);
INSERT INTO comunidade VALUES('Ad odio a', 'H143', 9295);
INSERT INTO comunidade VALUES('Nihil aut', 'I755', 8993);
INSERT INTO comunidade VALUES('In at nam', 'J105', 1199);
INSERT INTO comunidade VALUES('Fuga a et', 'K693', 4108);
INSERT INTO comunidade VALUES('Eum culpa', 'L759', 5421);
INSERT INTO comunidade VALUES('Quae quia', 'L759', 2101);
INSERT INTO comunidade VALUES('Ea cum in', 'L759', 1640);
INSERT INTO comunidade VALUES('Nemo nemo', 'L759', 1144);
INSERT INTO comunidade VALUES('Ipsam nam', 'L759', 5207);
INSERT INTO comunidade VALUES('Sed fugit', 'M914', 5009);
INSERT INTO comunidade VALUES('Ea est ad', 'N559', 5183);
INSERT INTO comunidade VALUES('Quos ipsa', 'N559', 2763);
INSERT INTO comunidade VALUES('Unde modi', 'N559', 5132);
INSERT INTO comunidade VALUES('Et ad non', 'N559', 3630);
INSERT INTO comunidade VALUES('Quo illum', 'O90', 5890);
INSERT INTO comunidade VALUES('Unde quas', 'P605', 5433);
INSERT INTO comunidade VALUES('Sint quod', 'Q433', 5878);
INSERT INTO comunidade VALUES('A qui nam', 'R33', 1784);
INSERT INTO comunidade VALUES('Quae eius', 'S31', 1344);
INSERT INTO comunidade VALUES('Ex eos ut', 'T96', 2294);
INSERT INTO comunidade VALUES('Quos illo', 'U224', 1236);
INSERT INTO comunidade VALUES('Alias qui', 'U224', 8310);
INSERT INTO comunidade VALUES('Labore at', 'V239', 9668);
INSERT INTO comunidade VALUES('Esse enim', 'V239', 601);
INSERT INTO comunidade VALUES('Cum quo a', 'V239', 4270);
INSERT INTO comunidade VALUES('Nam at ab', 'V239', 8843);
INSERT INTO comunidade VALUES('Iste iure', 'V239', 2436);
INSERT INTO comunidade VALUES('In at nam', 'W518', 9661);
INSERT INTO comunidade VALUES('Iste iure', 'X617', 6501);
INSERT INTO comunidade VALUES('Ad eum at', 'X617', 8228);
INSERT INTO comunidade VALUES('Optio aut', 'Y28', 2718);
INSERT INTO comunidade VALUES('At a modi', 'Z575', 2936);
INSERT INTO comunidade VALUES('Saepe sed', 'Z575', 9271);
INSERT INTO comunidade VALUES('Eum culpa', 'Z575', 7922);
INSERT INTO comunidade VALUES('Unde quae', 'A204', 3797);
INSERT INTO comunidade VALUES('Placeat a', 'A204', 4332);
INSERT INTO comunidade VALUES('Illo fuga', 'A204', 3835);
INSERT INTO comunidade VALUES('Amet quae', 'A204', 3388);
INSERT INTO comunidade VALUES('Ad quidem', 'A204', 5919);
INSERT INTO comunidade VALUES('Magni hic', 'B734', 7449);
INSERT INTO comunidade VALUES('Ut eos et', 'C666', 1692);
INSERT INTO comunidade VALUES('Ea quo ex', 'C666', 4481);
INSERT INTO comunidade VALUES('Cum quo a', 'C666', 9481);
INSERT INTO comunidade VALUES('A qui nam', 'C666', 9342);
INSERT INTO comunidade VALUES('Iste iure', 'D719', 6202);
INSERT INTO comunidade VALUES('Amet quae', 'E559', 1276);
INSERT INTO comunidade VALUES('Amet quae', 'F430', 3652);
INSERT INTO comunidade VALUES('Ipsam nam', 'G226', 5654);
INSERT INTO comunidade VALUES('Quos ipsa', 'H460', 9900);
INSERT INTO comunidade VALUES('Eum ut at', 'I604', 2277);
INSERT INTO comunidade VALUES('Et ad non', 'J285', 8431);
INSERT INTO comunidade VALUES('Labore at', 'J285', 4601);
INSERT INTO comunidade VALUES('Ad ea quo', 'K829', 5935);
INSERT INTO comunidade VALUES('Vel nihil', 'K829', 1939);
INSERT INTO comunidade VALUES('Porro quo', 'K829', 6794);
INSERT INTO comunidade VALUES('Unde quas', 'L891', 7890);
INSERT INTO comunidade VALUES('Fugit nam', 'M7', 9680);
INSERT INTO comunidade VALUES('Vel dicta', 'N778', 6733);
INSERT INTO comunidade VALUES('At hic et', 'O826', 2096);
INSERT INTO comunidade VALUES('Alias qui', 'P164', 2208);
INSERT INTO comunidade VALUES('Saepe sed', 'Q715', 9377);
INSERT INTO comunidade VALUES('Amet quae', 'R433', 2950);
INSERT INTO comunidade VALUES('Ipsa nemo', 'R433', 6643);
INSERT INTO comunidade VALUES('In nam ut', 'R433', 9235);
INSERT INTO comunidade VALUES('Ea cum in', 'R433', 306);
INSERT INTO comunidade VALUES('Ex sunt a', 'S349', 3549);
INSERT INTO comunidade VALUES('Unde et a', 'T285', 7724);
INSERT INTO comunidade VALUES('Ipsa unde', 'U160', 9845);
INSERT INTO comunidade VALUES('A illo ab', 'U160', 9547);
INSERT INTO comunidade VALUES('Ea quo ex', 'U160', 8370);
INSERT INTO comunidade VALUES('Rerum a a', 'U160', 2748);
INSERT INTO comunidade VALUES('Ab non ea', 'U160', 7430);
INSERT INTO comunidade VALUES('Ad et eos', 'V221', 3766);
INSERT INTO comunidade VALUES('Quos illo', 'W981', 1779);
INSERT INTO comunidade VALUES('Vel ut ex', 'X782', 8264);
INSERT INTO comunidade VALUES('Ipsam est', 'Y345', 9921);
INSERT INTO comunidade VALUES('Unde iste', 'Z105', 8707);
INSERT INTO comunidade VALUES('Hic quasi', 'Z105', 1926);
INSERT INTO comunidade VALUES('Ad ea quo', 'A95', 2136);
INSERT INTO comunidade VALUES('Voluptate', 'B390', 20);
INSERT INTO comunidade VALUES('Magni hic', 'C100', 6069);
INSERT INTO comunidade VALUES('Vel nihil', 'D368', 7029);
INSERT INTO comunidade VALUES('Vero sint', 'E868', 7900);
INSERT INTO comunidade VALUES('Fuga a et', 'F353', 9440);
INSERT INTO comunidade VALUES('Unde quas', 'G619', 4171);
INSERT INTO comunidade VALUES('Ea cum in', 'H271', 1374);
INSERT INTO comunidade VALUES('Facere ea', 'I827', 8909);
INSERT INTO comunidade VALUES('Quos ipsa', 'J45', 90);
INSERT INTO comunidade VALUES('Ut eos et', 'K748', 1931);
INSERT INTO comunidade VALUES('Facere ea', 'L471', 5176);
INSERT INTO comunidade VALUES('Et sit in', 'L471', 5936);
INSERT INTO comunidade VALUES('Ea est ad', 'L471', 2536);
INSERT INTO comunidade VALUES('Quam quia', 'M550', 4156);
INSERT INTO comunidade VALUES('At a modi', 'N128', 6940);
INSERT INTO comunidade VALUES('Non culpa', 'O997', 4515);
INSERT INTO comunidade VALUES('Esse enim', 'P945', 6771);
INSERT INTO comunidade VALUES('Alias eum', 'Q388', 7905);
INSERT INTO comunidade VALUES('Unde et a', 'R81', 9092);
INSERT INTO comunidade VALUES('At ab hic', 'S566', 5025);
INSERT INTO comunidade VALUES('Saepe est', 'T301', 6523);
INSERT INTO comunidade VALUES('Vel nihil', 'U850', 1952);
INSERT INTO comunidade VALUES('Fuga a et', 'V644', 2651);
INSERT INTO comunidade VALUES('Et vel ab', 'W634', 6563);
INSERT INTO comunidade VALUES('Fugit nam', 'X907', 853);
INSERT INTO comunidade VALUES('Hic quasi', 'Y883', 87);
INSERT INTO comunidade VALUES('Ipsa nemo', 'Z371', 7728);
INSERT INTO comunidade VALUES('Ea quo ex', 'A592', 1050);
INSERT INTO comunidade VALUES('Dicta est', 'B197', 1312);
INSERT INTO comunidade VALUES('Rerum nam', 'C722', 6565);
INSERT INTO comunidade VALUES('Eos at ab', 'C722', 8537);
INSERT INTO comunidade VALUES('Amet quis', 'C722', 9789);
INSERT INTO comunidade VALUES('In nam ut', 'C722', 2872);
INSERT INTO comunidade VALUES('Eum ut at', 'C722', 8100);
INSERT INTO comunidade VALUES('Modi iste', 'D72', 3191);
INSERT INTO comunidade VALUES('Eius nemo', 'D72', 9823);
INSERT INTO comunidade VALUES('At modi a', 'D72', 8452);
INSERT INTO comunidade VALUES('Ab id aut', 'D72', 2777);
INSERT INTO comunidade VALUES('Et est ad', 'E47', 5);
INSERT INTO comunidade VALUES('Omnis aut', 'F678', 6545);
INSERT INTO comunidade VALUES('Ex ab qui', 'F678', 6475);
INSERT INTO comunidade VALUES('A sed quo', 'F678', 9603);
INSERT INTO comunidade VALUES('A et iure', 'F678', 8483);
INSERT INTO comunidade VALUES('Hic quasi', 'G234', 1125);
INSERT INTO comunidade VALUES('Sed fugit', 'H792', 9161);
INSERT INTO comunidade VALUES('Ad magnam', 'I297', 4531);
INSERT INTO comunidade VALUES('Sequi eos', 'J82', 3188);
INSERT INTO comunidade VALUES('Quos ipsa', 'K876', 9420);
INSERT INTO comunidade VALUES('Unde quia', 'L239', 6671);
INSERT INTO comunidade VALUES('Quam iste', 'M888', 8244);
INSERT INTO comunidade VALUES('Nihil quo', 'M888', 5571);
INSERT INTO comunidade VALUES('Ex eos ut', 'N104', 4223);
INSERT INTO comunidade VALUES('Sit ipsum', 'O390', 9420);
INSERT INTO comunidade VALUES('At a modi', 'P285', 6179);
INSERT INTO comunidade VALUES('Et vel ab', 'Q465', 3986);
INSERT INTO comunidade VALUES('Ex ex sed', 'R651', 7518);
INSERT INTO comunidade VALUES('Unde et a', 'S855', 449);
INSERT INTO comunidade VALUES('A quia et', 'T374', 6270);
INSERT INTO comunidade VALUES('Vel nihil', 'T374', 3611);
INSERT INTO comunidade VALUES('Omnis aut', 'U167', 6758);
INSERT INTO comunidade VALUES('Ea quo ex', 'V380', 160);
INSERT INTO comunidade VALUES('Ea vel at', 'W364', 1524);
INSERT INTO comunidade VALUES('At in aut', 'X215', 5604);
INSERT INTO comunidade VALUES('A ea sint', 'Y687', 2925);
INSERT INTO comunidade VALUES('At hic et', 'Z274', 3581);
INSERT INTO comunidade VALUES('Nam harum', 'A719', 3116);
INSERT INTO comunidade VALUES('Quia esse', 'B960', 3848);
INSERT INTO comunidade VALUES('Vel nihil', 'C700', 3388);
INSERT INTO comunidade VALUES('Itaque ut', 'D664', 4092);
INSERT INTO comunidade VALUES('Et a odio', 'E74', 1748);
INSERT INTO comunidade VALUES('Rerum nam', 'F624', 8072);
INSERT INTO comunidade VALUES('Quis quae', 'G651', 7902);
INSERT INTO comunidade VALUES('Ab eos ea', 'G651', 5168);
INSERT INTO comunidade VALUES('Odio enim', 'H176', 9413);
INSERT INTO comunidade VALUES('Quae eius', 'I547', 8375);
INSERT INTO comunidade VALUES('Sed magni', 'J747', 9449);
INSERT INTO comunidade VALUES('Et qui ea', 'K251', 7837);
INSERT INTO comunidade VALUES('Unde iste', 'K251', 534);
INSERT INTO comunidade VALUES('Cum sequi', 'K251', 5690);
INSERT INTO comunidade VALUES('Ex ex sed', 'K251', 2864);
INSERT INTO comunidade VALUES('Amet quae', 'K251', 1973);
INSERT INTO comunidade VALUES('A et iure', 'L168', 138);
INSERT INTO comunidade VALUES('Error non', 'M474', 6217);
INSERT INTO comunidade VALUES('Quia enim', 'N389', 4255);
INSERT INTO comunidade VALUES('Ea quo ex', 'N389', 8988);
INSERT INTO comunidade VALUES('Cum ad et', 'N389', 3886);
INSERT INTO comunidade VALUES('Id non ea', 'N389', 7723);
INSERT INTO comunidade VALUES('Nam harum', 'O277', 3014);
INSERT INTO comunidade VALUES('Quis quae', 'P948', 6867);
INSERT INTO comunidade VALUES('Quae eius', 'Q656', 6564);
INSERT INTO comunidade VALUES('Et a quae', 'R705', 9362);
INSERT INTO comunidade VALUES('Fuga a et', 'S571', 3745);
INSERT INTO comunidade VALUES('Totam sed', 'T225', 3864);
INSERT INTO comunidade VALUES('Quam enim', 'U702', 6241);
INSERT INTO comunidade VALUES('Ad eum at', 'V333', 7750);
INSERT INTO comunidade VALUES('Vel ut ex', 'V333', 2894);
INSERT INTO comunidade VALUES('Quo illum', 'V333', 8186);
INSERT INTO comunidade VALUES('Ut a nemo', 'W864', 8471);
INSERT INTO comunidade VALUES('Eos error', 'X787', 7973);
INSERT INTO comunidade VALUES('Odio quae', 'Y795', 9304);
INSERT INTO comunidade VALUES('Iusto sed', 'Z58', 2677);

COMMIT;

INSERT INTO habitacao VALUES('K2-62 c', 'Et a quae', 'R705', TO_DATE('2014-06-11', 'YYYY-MM-DD'), TO_DATE('2085-09-12', 'YYYY-MM-DD'));
INSERT INTO habitacao VALUES('K2-62 c', 'At a modi', 'N128', TO_DATE('2000-04-04', 'YYYY-MM-DD'), NULL);
INSERT INTO habitacao VALUES('K2-62 c', 'Ipsam est', 'Y345', TO_DATE('2009-03-11', 'YYYY-MM-DD'), TO_DATE('2066-12-17', 'YYYY-MM-DD'));
INSERT INTO habitacao VALUES('Qui ex.', 'Vel nihil', 'T374', TO_DATE('2014-06-05', 'YYYY-MM-DD'), NULL);
INSERT INTO habitacao VALUES('Quo ea.', 'At hic et', 'Z274', TO_DATE('2002-02-11', 'YYYY-MM-DD'), TO_DATE('2039-08-11', 'YYYY-MM-DD'));
INSERT INTO habitacao VALUES('Quo ea.', 'Alias eum', 'Q388', TO_DATE('2008-04-25', 'YYYY-MM-DD'), TO_DATE('2065-09-24', 'YYYY-MM-DD'));
INSERT INTO habitacao VALUES('Quo ea.', 'Quia esse', 'B960', TO_DATE('2005-01-05', 'YYYY-MM-DD'), NULL);
INSERT INTO habitacao VALUES('Quo ea.', 'Quos illo', 'U224', TO_DATE('2005-04-04', 'YYYY-MM-DD'), NULL);
INSERT INTO habitacao VALUES('Quo ea.', 'Et a quae', 'R705', TO_DATE('2000-04-17', 'YYYY-MM-DD'), TO_DATE('2004-07-04', 'YYYY-MM-DD'));
INSERT INTO habitacao VALUES('Ad eum.', 'Dicta est', 'B197', TO_DATE('2007-06-10', 'YYYY-MM-DD'), TO_DATE('2015-10-21', 'YYYY-MM-DD'));
INSERT INTO habitacao VALUES('Ad eum.', 'Amet quae', 'R433', TO_DATE('2001-06-12', 'YYYY-MM-DD'), TO_DATE('2070-09-28', 'YYYY-MM-DD'));
INSERT INTO habitacao VALUES('Ad eum.', 'Unde et a', 'R81', TO_DATE('2004-06-18', 'YYYY-MM-DD'), TO_DATE('2084-08-19', 'YYYY-MM-DD'));
INSERT INTO habitacao VALUES('Ad eum.', 'Odio enim', 'H176', TO_DATE('2011-04-18', 'YYYY-MM-DD'), TO_DATE('2015-08-26', 'YYYY-MM-DD'));
INSERT INTO habitacao VALUES('Minima.', 'Vel dicta', 'N778', TO_DATE('2000-01-17', 'YYYY-MM-DD'), TO_DATE('2017-08-12', 'YYYY-MM-DD'));
INSERT INTO habitacao VALUES('Minima.', 'Ipsa unde', 'C26', TO_DATE('2015-03-01', 'YYYY-MM-DD'), TO_DATE('2016-10-26', 'YYYY-MM-DD'));
INSERT INTO habitacao VALUES('Minima.', 'Ad eum at', 'B115', TO_DATE('2006-04-18', 'YYYY-MM-DD'), TO_DATE('2018-10-13', 'YYYY-MM-DD'));
INSERT INTO habitacao VALUES('Hic in.', 'Vero sint', 'E868', TO_DATE('2002-04-21', 'YYYY-MM-DD'), NULL);
INSERT INTO habitacao VALUES('Iste a.', 'Unde et a', 'R81', TO_DATE('2020-06-18', 'YYYY-MM-DD'), TO_DATE('2020-09-14', 'YYYY-MM-DD'));
INSERT INTO habitacao VALUES('Sed ea.', 'A qui nam', 'C666', TO_DATE('2019-04-09', 'YYYY-MM-DD'), TO_DATE('2060-12-20', 'YYYY-MM-DD'));
INSERT INTO habitacao VALUES('Sed ea.', 'Sint quod', 'E282', TO_DATE('2001-05-01', 'YYYY-MM-DD'), TO_DATE('2005-08-04', 'YYYY-MM-DD'));
INSERT INTO habitacao VALUES('Sed ea.', 'Quae eius', 'I547', TO_DATE('2007-01-05', 'YYYY-MM-DD'), TO_DATE('2013-07-16', 'YYYY-MM-DD'));
INSERT INTO habitacao VALUES('A amet.', 'Ex ex sed', 'R651', TO_DATE('2001-03-03', 'YYYY-MM-DD'), TO_DATE('2013-08-02', 'YYYY-MM-DD'));
INSERT INTO habitacao VALUES('A amet.', 'Quae eius', 'S31', TO_DATE('2005-02-27', 'YYYY-MM-DD'), TO_DATE('2006-09-27', 'YYYY-MM-DD'));
INSERT INTO habitacao VALUES('A amet.', 'Amet quae', 'F430', TO_DATE('2012-04-08', 'YYYY-MM-DD'), TO_DATE('2013-12-02', 'YYYY-MM-DD'));
INSERT INTO habitacao VALUES('A amet.', 'Voluptate', 'B390', TO_DATE('2012-06-10', 'YYYY-MM-DD'), NULL);
INSERT INTO habitacao VALUES('Ex aut.', 'Amet quae', 'F430', TO_DATE('2015-06-10', 'YYYY-MM-DD'), NULL);
INSERT INTO habitacao VALUES('Ex aut.', 'Vel nihil', 'D368', TO_DATE('2007-06-14', 'YYYY-MM-DD'), TO_DATE('2011-09-01', 'YYYY-MM-DD'));
INSERT INTO habitacao VALUES('Ex aut.', 'Amet quae', 'E559', TO_DATE('2007-01-02', 'YYYY-MM-DD'), NULL);
INSERT INTO habitacao VALUES('Ex aut.', 'Vel dicta', 'N778', TO_DATE('2002-02-06', 'YYYY-MM-DD'), NULL);
INSERT INTO habitacao VALUES('Ex aut.', 'Ad magnam', 'I297', TO_DATE('2001-03-21', 'YYYY-MM-DD'), TO_DATE('2014-08-23', 'YYYY-MM-DD'));
INSERT INTO habitacao VALUES('Hic ut.', 'At modi a', 'D72', TO_DATE('2014-06-07', 'YYYY-MM-DD'), TO_DATE('2031-07-23', 'YYYY-MM-DD'));
INSERT INTO habitacao VALUES('Hic ut.', 'Quam quia', 'M550', TO_DATE('2015-06-15', 'YYYY-MM-DD'), TO_DATE('2077-11-10', 'YYYY-MM-DD'));
INSERT INTO habitacao VALUES('Ea aut.', 'Unde quia', 'L239', TO_DATE('2014-03-28', 'YYYY-MM-DD'), TO_DATE('2022-11-28', 'YYYY-MM-DD'));
INSERT INTO habitacao VALUES('Ea aut.', 'Vel dicta', 'N778', TO_DATE('2009-03-18', 'YYYY-MM-DD'), TO_DATE('2019-09-15', 'YYYY-MM-DD'));
INSERT INTO habitacao VALUES('K2-30 b', 'Ad et eos', 'V221', TO_DATE('2019-03-25', 'YYYY-MM-DD'), TO_DATE('2027-11-08', 'YYYY-MM-DD'));
INSERT INTO habitacao VALUES('K2-36 c', 'Ea quo ex', 'V380', TO_DATE('2016-06-16', 'YYYY-MM-DD'), NULL);
INSERT INTO habitacao VALUES('Ut vel.', 'Ut eos et', 'C666', TO_DATE('2016-06-03', 'YYYY-MM-DD'), NULL);
INSERT INTO habitacao VALUES('Ut vel.', 'Unde et a', 'T285', TO_DATE('2006-01-16', 'YYYY-MM-DD'), TO_DATE('2018-08-04', 'YYYY-MM-DD'));
INSERT INTO habitacao VALUES('Ut vel.', 'Quo illum', 'V333', TO_DATE('2019-06-19', 'YYYY-MM-DD'), TO_DATE('2096-09-02', 'YYYY-MM-DD'));
INSERT INTO habitacao VALUES('Id est.', 'Ab non ea', 'D760', TO_DATE('2020-04-27', 'YYYY-MM-DD'), NULL);
INSERT INTO habitacao VALUES('K2-57 b', 'Vel nihil', 'C700', TO_DATE('2001-05-09', 'YYYY-MM-DD'), NULL);
INSERT INTO habitacao VALUES('K2-57 b', 'Ipsa nemo', 'Z371', TO_DATE('2006-05-04', 'YYYY-MM-DD'), TO_DATE('2018-07-24', 'YYYY-MM-DD'));
INSERT INTO habitacao VALUES('K2-57 b', 'Quos illo', 'W981', TO_DATE('2016-06-08', 'YYYY-MM-DD'), NULL);
INSERT INTO habitacao VALUES('K2-57 b', 'Ex eos ut', 'N104', TO_DATE('2021-04-04', 'YYYY-MM-DD'), TO_DATE('2021-08-26', 'YYYY-MM-DD'));
INSERT INTO habitacao VALUES('K2-57 b', 'Iusto sed', 'Z58', TO_DATE('2021-02-18', 'YYYY-MM-DD'), NULL);
INSERT INTO habitacao VALUES('Et sit.', 'A sed quo', 'F678', TO_DATE('2013-06-14', 'YYYY-MM-DD'), NULL);
INSERT INTO habitacao VALUES('ITG 25B', 'Magni hic', 'C100', TO_DATE('2017-06-09', 'YYYY-MM-DD'), TO_DATE('2067-09-15', 'YYYY-MM-DD'));
INSERT INTO habitacao VALUES('Eum et.', 'Vel nihil', 'U850', TO_DATE('2016-02-10', 'YYYY-MM-DD'), NULL);
INSERT INTO habitacao VALUES('Ad aut.', 'Labore at', 'F251', TO_DATE('2017-05-18', 'YYYY-MM-DD'), TO_DATE('2017-11-19', 'YYYY-MM-DD'));
INSERT INTO habitacao VALUES('Ad aut.', 'Cum ad et', 'N389', TO_DATE('2004-02-09', 'YYYY-MM-DD'), TO_DATE('2012-09-19', 'YYYY-MM-DD'));
INSERT INTO habitacao VALUES('Ad aut.', 'Hic quasi', 'Y883', TO_DATE('2018-04-19', 'YYYY-MM-DD'), TO_DATE('2020-08-24', 'YYYY-MM-DD'));
INSERT INTO habitacao VALUES('Rem ab.', 'Ex sunt a', 'S349', TO_DATE('2018-01-20', 'YYYY-MM-DD'), TO_DATE('2021-12-10', 'YYYY-MM-DD'));
INSERT INTO habitacao VALUES('K2-91 b', 'Sed fugit', 'H792', TO_DATE('2013-04-28', 'YYYY-MM-DD'), NULL);
INSERT INTO habitacao VALUES('K2-49 b', 'Ipsa unde', 'C26', TO_DATE('2001-03-17', 'YYYY-MM-DD'), TO_DATE('2020-07-11', 'YYYY-MM-DD'));
INSERT INTO habitacao VALUES('Quo ut.', 'Vel dicta', 'N778', TO_DATE('2021-06-13', 'YYYY-MM-DD'), TO_DATE('2085-10-25', 'YYYY-MM-DD'));
INSERT INTO habitacao VALUES('Quo ut.', 'Iste iure', 'X617', TO_DATE('2013-03-26', 'YYYY-MM-DD'), TO_DATE('2014-10-05', 'YYYY-MM-DD'));
INSERT INTO habitacao VALUES('Fuga a.', 'A ea sint', 'Y687', TO_DATE('2002-04-17', 'YYYY-MM-DD'), NULL);
INSERT INTO habitacao VALUES('K2-14 b', 'Totam sed', 'T225', TO_DATE('2015-04-21', 'YYYY-MM-DD'), TO_DATE('2082-11-07', 'YYYY-MM-DD'));
INSERT INTO habitacao VALUES('Id hic.', 'Alias eum', 'Q388', TO_DATE('2010-06-19', 'YYYY-MM-DD'), NULL);
INSERT INTO habitacao VALUES('K2-65 b', 'Quos illo', 'W981', TO_DATE('2011-05-21', 'YYYY-MM-DD'), TO_DATE('2055-07-25', 'YYYY-MM-DD'));
INSERT INTO habitacao VALUES('K2-65 b', 'Sed magni', 'J747', TO_DATE('2014-01-27', 'YYYY-MM-DD'), NULL);
INSERT INTO habitacao VALUES('K2-65 b', 'Vel dicta', 'N778', TO_DATE('2003-06-02', 'YYYY-MM-DD'), NULL);
INSERT INTO habitacao VALUES('Aut ex.', 'Fuga a et', 'V644', TO_DATE('2010-06-26', 'YYYY-MM-DD'), TO_DATE('2012-07-10', 'YYYY-MM-DD'));
INSERT INTO habitacao VALUES('K2-73 b', 'Magni hic', 'C100', TO_DATE('2017-05-25', 'YYYY-MM-DD'), TO_DATE('2035-09-18', 'YYYY-MM-DD'));
INSERT INTO habitacao VALUES('K2-73 b', 'Sint quod', 'E282', TO_DATE('2018-06-17', 'YYYY-MM-DD'), TO_DATE('2020-07-09', 'YYYY-MM-DD'));
INSERT INTO habitacao VALUES('K2-73 b', 'Hic quasi', 'Z105', TO_DATE('2001-04-21', 'YYYY-MM-DD'), TO_DATE('2035-07-03', 'YYYY-MM-DD'));
INSERT INTO habitacao VALUES('K2-73 b', 'Sit ipsum', 'O390', TO_DATE('2000-03-28', 'YYYY-MM-DD'), TO_DATE('2012-12-13', 'YYYY-MM-DD'));
INSERT INTO habitacao VALUES('K2-73 b', 'Saepe sed', 'Z575', TO_DATE('2015-05-18', 'YYYY-MM-DD'), TO_DATE('2018-07-06', 'YYYY-MM-DD'));
INSERT INTO habitacao VALUES('K2-36 b', 'Labore at', 'F251', TO_DATE('2007-05-10', 'YYYY-MM-DD'), TO_DATE('2027-09-16', 'YYYY-MM-DD'));
INSERT INTO habitacao VALUES('K2-70 b', 'Nihil quo', 'M888', TO_DATE('2007-05-09', 'YYYY-MM-DD'), TO_DATE('2013-07-21', 'YYYY-MM-DD'));
INSERT INTO habitacao VALUES('K2-70 b', 'Ad odio a', 'H143', TO_DATE('2008-02-05', 'YYYY-MM-DD'), NULL);
INSERT INTO habitacao VALUES('K2-70 b', 'In at nam', 'W518', TO_DATE('2016-06-20', 'YYYY-MM-DD'), TO_DATE('2017-12-22', 'YYYY-MM-DD'));
INSERT INTO habitacao VALUES('Sit id.', 'Rerum nam', 'F624', TO_DATE('2019-03-15', 'YYYY-MM-DD'), TO_DATE('2019-11-05', 'YYYY-MM-DD'));
INSERT INTO habitacao VALUES('Eum ad.', 'Unde iste', 'Z105', TO_DATE('2009-06-23', 'YYYY-MM-DD'), TO_DATE('2027-11-05', 'YYYY-MM-DD'));
INSERT INTO habitacao VALUES('Ad sit.', 'At hic et', 'O826', TO_DATE('2002-05-18', 'YYYY-MM-DD'), TO_DATE('2006-12-04', 'YYYY-MM-DD'));
INSERT INTO habitacao VALUES('K2-99 c', 'Ab id aut', 'D72', TO_DATE('2013-03-15', 'YYYY-MM-DD'), NULL);
INSERT INTO habitacao VALUES('Rem id.', 'At ab hic', 'S566', TO_DATE('2006-01-05', 'YYYY-MM-DD'), NULL);
INSERT INTO habitacao VALUES('Odit a.', 'Alias eum', 'Q388', TO_DATE('2019-02-08', 'YYYY-MM-DD'), TO_DATE('2080-12-01', 'YYYY-MM-DD'));
INSERT INTO habitacao VALUES('Et vel.', 'Quae eius', 'Q656', TO_DATE('2005-04-16', 'YYYY-MM-DD'), TO_DATE('2012-10-05', 'YYYY-MM-DD'));
INSERT INTO habitacao VALUES('Et vel.', 'Nihil aut', 'I755', TO_DATE('2000-03-14', 'YYYY-MM-DD'), NULL);
INSERT INTO habitacao VALUES('Et vel.', 'Unde iste', 'Z105', TO_DATE('2002-02-15', 'YYYY-MM-DD'), NULL);
INSERT INTO habitacao VALUES('Et vel.', 'Ea quo ex', 'N389', TO_DATE('2013-04-25', 'YYYY-MM-DD'), NULL);
INSERT INTO habitacao VALUES('Et vel.', 'Vel nihil', 'T374', TO_DATE('2012-05-24', 'YYYY-MM-DD'), TO_DATE('2094-11-20', 'YYYY-MM-DD'));
INSERT INTO habitacao VALUES('K2-60 b', 'In at nam', 'J105', TO_DATE('2014-04-27', 'YYYY-MM-DD'), TO_DATE('2064-07-08', 'YYYY-MM-DD'));
INSERT INTO habitacao VALUES('At est.', 'Fuga a et', 'K693', TO_DATE('2016-06-02', 'YYYY-MM-DD'), TO_DATE('2054-08-10', 'YYYY-MM-DD'));
INSERT INTO habitacao VALUES('K2-50 b', 'Fuga a et', 'V644', TO_DATE('2005-04-10', 'YYYY-MM-DD'), NULL);
INSERT INTO habitacao VALUES('K2-16 d', 'Nam harum', 'O277', TO_DATE('2002-06-17', 'YYYY-MM-DD'), NULL);
INSERT INTO habitacao VALUES('Quo in.', 'Eum ut at', 'I604', TO_DATE('2013-03-15', 'YYYY-MM-DD'), TO_DATE('2038-07-06', 'YYYY-MM-DD'));
INSERT INTO habitacao VALUES('Est ex.', 'Ad eum at', 'X617', TO_DATE('2010-06-21', 'YYYY-MM-DD'), TO_DATE('2021-12-26', 'YYYY-MM-DD'));
INSERT INTO habitacao VALUES('K2-89 b', 'A et iure', 'L168', TO_DATE('2002-05-23', 'YYYY-MM-DD'), NULL);
INSERT INTO habitacao VALUES('Et a a.', 'At hic et', 'O826', TO_DATE('2017-04-02', 'YYYY-MM-DD'), TO_DATE('2036-08-11', 'YYYY-MM-DD'));
INSERT INTO habitacao VALUES('K2-71 b', 'Unde et a', 'T285', TO_DATE('2013-03-10', 'YYYY-MM-DD'), NULL);
INSERT INTO habitacao VALUES('K2-71 b', 'Fuga a et', 'V644', TO_DATE('2003-02-07', 'YYYY-MM-DD'), NULL);
INSERT INTO habitacao VALUES('Ab sed.', 'Eos error', 'X787', TO_DATE('2019-04-08', 'YYYY-MM-DD'), NULL);
INSERT INTO habitacao VALUES('Ab sed.', 'Error non', 'M474', TO_DATE('2014-01-20', 'YYYY-MM-DD'), TO_DATE('2018-11-01', 'YYYY-MM-DD'));
INSERT INTO habitacao VALUES('Ab sed.', 'Voluptate', 'B390', TO_DATE('2005-02-02', 'YYYY-MM-DD'), TO_DATE('2006-12-12', 'YYYY-MM-DD'));
INSERT INTO habitacao VALUES('Ab sed.', 'Hic quasi', 'Y883', TO_DATE('2002-01-04', 'YYYY-MM-DD'), TO_DATE('2011-10-06', 'YYYY-MM-DD'));
INSERT INTO habitacao VALUES('Aut at.', 'Unde et a', 'T285', TO_DATE('2018-03-02', 'YYYY-MM-DD'), TO_DATE('2020-07-25', 'YYYY-MM-DD'));
INSERT INTO habitacao VALUES('Ipsa a.', 'A qui nam', 'R33', TO_DATE('2017-01-10', 'YYYY-MM-DD'), TO_DATE('2019-10-05', 'YYYY-MM-DD'));
INSERT INTO habitacao VALUES('A quos.', 'Voluptate', 'B390', TO_DATE('2019-01-04', 'YYYY-MM-DD'), NULL);
INSERT INTO habitacao VALUES('A quos.', 'In at nam', 'W518', TO_DATE('2019-06-10', 'YYYY-MM-DD'), NULL);
INSERT INTO habitacao VALUES('A quos.', 'Non culpa', 'O997', TO_DATE('2004-05-19', 'YYYY-MM-DD'), NULL);
INSERT INTO habitacao VALUES('A quos.', 'Eos error', 'X787', TO_DATE('2005-05-08', 'YYYY-MM-DD'), NULL);
INSERT INTO habitacao VALUES('4 Uma b', 'Quis quae', 'P948', TO_DATE('2006-05-14', 'YYYY-MM-DD'), TO_DATE('2077-10-02', 'YYYY-MM-DD'));
INSERT INTO habitacao VALUES('K2-37 b', 'Magni hic', 'C100', TO_DATE('2020-02-23', 'YYYY-MM-DD'), NULL);
INSERT INTO habitacao VALUES('A modi.', 'Et est ad', 'E47', TO_DATE('2003-06-11', 'YYYY-MM-DD'), NULL);
INSERT INTO habitacao VALUES('A modi.', 'Nemo nemo', 'H143', TO_DATE('2006-03-27', 'YYYY-MM-DD'), TO_DATE('2066-09-22', 'YYYY-MM-DD'));
INSERT INTO habitacao VALUES('A modi.', 'In at nam', 'J105', TO_DATE('2015-02-21', 'YYYY-MM-DD'), TO_DATE('2057-10-28', 'YYYY-MM-DD'));
INSERT INTO habitacao VALUES('A modi.', 'Nam harum', 'O277', TO_DATE('2001-05-10', 'YYYY-MM-DD'), NULL);
INSERT INTO habitacao VALUES('A modi.', 'Sint quod', 'E282', TO_DATE('2018-06-11', 'YYYY-MM-DD'), NULL);
INSERT INTO habitacao VALUES('Unde a.', 'Ad magnam', 'I297', TO_DATE('2020-05-27', 'YYYY-MM-DD'), NULL);
INSERT INTO habitacao VALUES('K2-18 b', 'Ea quo ex', 'A592', TO_DATE('2001-03-14', 'YYYY-MM-DD'), NULL);
INSERT INTO habitacao VALUES('In eum.', 'Vel nihil', 'D368', TO_DATE('2005-01-12', 'YYYY-MM-DD'), TO_DATE('2007-07-25', 'YYYY-MM-DD'));
INSERT INTO habitacao VALUES('In eum.', 'Sed magni', 'J747', TO_DATE('2015-05-05', 'YYYY-MM-DD'), NULL);
INSERT INTO habitacao VALUES('In eum.', 'Dicta est', 'B197', TO_DATE('2004-01-27', 'YYYY-MM-DD'), NULL);
INSERT INTO habitacao VALUES('Eos at.', 'Id non ea', 'N389', TO_DATE('2016-01-01', 'YYYY-MM-DD'), NULL);
INSERT INTO habitacao VALUES('K2-83 c', 'In at nam', 'W518', TO_DATE('2014-01-04', 'YYYY-MM-DD'), NULL);
INSERT INTO habitacao VALUES('In est.', 'Dicta est', 'B197', TO_DATE('2010-02-07', 'YYYY-MM-DD'), TO_DATE('2066-09-09', 'YYYY-MM-DD'));
INSERT INTO habitacao VALUES('In est.', 'Amet quae', 'E559', TO_DATE('2004-02-09', 'YYYY-MM-DD'), NULL);
INSERT INTO habitacao VALUES('In est.', 'Placeat a', 'A204', TO_DATE('2017-03-18', 'YYYY-MM-DD'), TO_DATE('2019-09-09', 'YYYY-MM-DD'));
INSERT INTO habitacao VALUES('In est.', 'Ut eos et', 'K748', TO_DATE('2002-03-20', 'YYYY-MM-DD'), TO_DATE('2018-09-18', 'YYYY-MM-DD'));
INSERT INTO habitacao VALUES('In est.', 'A illo ab', 'H143', TO_DATE('2021-01-04', 'YYYY-MM-DD'), TO_DATE('2021-10-02', 'YYYY-MM-DD'));
INSERT INTO habitacao VALUES('Ea est.', 'Amet quae', 'K251', TO_DATE('2011-03-11', 'YYYY-MM-DD'), NULL);
INSERT INTO habitacao VALUES('Ea est.', 'Alias qui', 'U224', TO_DATE('2018-02-03', 'YYYY-MM-DD'), TO_DATE('2020-12-15', 'YYYY-MM-DD'));
INSERT INTO habitacao VALUES('Ea est.', 'Quis quae', 'P948', TO_DATE('2007-02-05', 'YYYY-MM-DD'), NULL);
INSERT INTO habitacao VALUES('Ea est.', 'Ea vel at', 'W364', TO_DATE('2021-03-26', 'YYYY-MM-DD'), TO_DATE('2029-09-15', 'YYYY-MM-DD'));
INSERT INTO habitacao VALUES('Ea est.', 'Et a quae', 'R705', TO_DATE('2011-04-15', 'YYYY-MM-DD'), NULL);
INSERT INTO habitacao VALUES('6 Lyn b', 'Ipsam nam', 'G226', TO_DATE('2012-06-26', 'YYYY-MM-DD'), TO_DATE('2021-07-11', 'YYYY-MM-DD'));
INSERT INTO habitacao VALUES('Rem ad.', 'Nam harum', 'O277', TO_DATE('2018-04-08', 'YYYY-MM-DD'), TO_DATE('2079-11-08', 'YYYY-MM-DD'));
INSERT INTO habitacao VALUES('WTS-1 b', 'Voluptate', 'B390', TO_DATE('2013-05-26', 'YYYY-MM-DD'), NULL);
INSERT INTO habitacao VALUES('WTS-1 b', 'Ex sunt a', 'S349', TO_DATE('2018-04-04', 'YYYY-MM-DD'), TO_DATE('2089-11-20', 'YYYY-MM-DD'));
INSERT INTO habitacao VALUES('WTS-1 b', 'Optio aut', 'Y28', TO_DATE('2005-03-13', 'YYYY-MM-DD'), TO_DATE('2017-07-20', 'YYYY-MM-DD'));
INSERT INTO habitacao VALUES('Sit in.', 'Iste iure', 'X617', TO_DATE('2004-05-25', 'YYYY-MM-DD'), TO_DATE('2008-12-26', 'YYYY-MM-DD'));
INSERT INTO habitacao VALUES('K2-84 c', 'A et iure', 'L168', TO_DATE('2012-05-19', 'YYYY-MM-DD'), TO_DATE('2017-10-07', 'YYYY-MM-DD'));
INSERT INTO habitacao VALUES('K2-38 b', 'Odio enim', 'H176', TO_DATE('2002-05-01', 'YYYY-MM-DD'), TO_DATE('2018-11-17', 'YYYY-MM-DD'));
INSERT INTO habitacao VALUES('K2-38 b', 'Fugit nam', 'X907', TO_DATE('2011-05-02', 'YYYY-MM-DD'), TO_DATE('2056-07-23', 'YYYY-MM-DD'));
INSERT INTO habitacao VALUES('K2-38 b', 'Cum quo a', 'C666', TO_DATE('2000-02-14', 'YYYY-MM-DD'), TO_DATE('2040-12-19', 'YYYY-MM-DD'));
INSERT INTO habitacao VALUES('Qui in.', 'At hic et', 'Z274', TO_DATE('2013-05-07', 'YYYY-MM-DD'), TO_DATE('2037-12-06', 'YYYY-MM-DD'));
INSERT INTO habitacao VALUES('Sed et.', 'Sit ipsum', 'O390', TO_DATE('2004-03-28', 'YYYY-MM-DD'), TO_DATE('2006-12-05', 'YYYY-MM-DD'));
INSERT INTO habitacao VALUES('K2-13 b', 'Porro quo', 'K829', TO_DATE('2015-06-14', 'YYYY-MM-DD'), TO_DATE('2021-08-03', 'YYYY-MM-DD'));
INSERT INTO habitacao VALUES('7 CMA c', 'Et a odio', 'E74', TO_DATE('2014-05-14', 'YYYY-MM-DD'), TO_DATE('2059-11-27', 'YYYY-MM-DD'));
INSERT INTO habitacao VALUES('7 CMA c', 'Fuga a et', 'F353', TO_DATE('2013-05-01', 'YYYY-MM-DD'), NULL);
INSERT INTO habitacao VALUES('7 CMA c', 'Facere ea', 'I827', TO_DATE('2013-05-19', 'YYYY-MM-DD'), NULL);
INSERT INTO habitacao VALUES('7 CMA c', 'Totam sed', 'T225', TO_DATE('2003-05-16', 'YYYY-MM-DD'), TO_DATE('2019-12-03', 'YYYY-MM-DD'));
INSERT INTO habitacao VALUES('K2-63 c', 'Saepe est', 'T301', TO_DATE('2016-01-17', 'YYYY-MM-DD'), TO_DATE('2021-11-03', 'YYYY-MM-DD'));
INSERT INTO habitacao VALUES('Sint a.', 'Ex eos ut', 'T96', TO_DATE('2019-01-11', 'YYYY-MM-DD'), TO_DATE('2020-11-25', 'YYYY-MM-DD'));
INSERT INTO habitacao VALUES('Ab non.', 'Quae eius', 'Q656', TO_DATE('2013-03-26', 'YYYY-MM-DD'), TO_DATE('2017-09-10', 'YYYY-MM-DD'));
INSERT INTO habitacao VALUES('K2-48 b', 'Non culpa', 'O997', TO_DATE('2020-04-19', 'YYYY-MM-DD'), TO_DATE('2021-08-19', 'YYYY-MM-DD'));
INSERT INTO habitacao VALUES('Et eos.', 'Ipsa unde', 'G229', TO_DATE('2015-01-05', 'YYYY-MM-DD'), NULL);
INSERT INTO habitacao VALUES('K2-88 b', 'Saepe est', 'T301', TO_DATE('2008-01-24', 'YYYY-MM-DD'), TO_DATE('2017-07-20', 'YYYY-MM-DD'));
INSERT INTO habitacao VALUES('K2-88 b', 'Fugit nam', 'M7', TO_DATE('2011-02-09', 'YYYY-MM-DD'), TO_DATE('2078-12-08', 'YYYY-MM-DD'));
INSERT INTO habitacao VALUES('Nam at.', 'Sequi eos', 'J82', TO_DATE('2004-05-27', 'YYYY-MM-DD'), TO_DATE('2056-08-27', 'YYYY-MM-DD'));
INSERT INTO habitacao VALUES('K2-46 b', 'Facere ea', 'I827', TO_DATE('2020-02-07', 'YYYY-MM-DD'), NULL);
INSERT INTO habitacao VALUES('Non at.', 'Iste iure', 'D719', TO_DATE('2005-04-13', 'YYYY-MM-DD'), TO_DATE('2073-10-10', 'YYYY-MM-DD'));
INSERT INTO habitacao VALUES('Non at.', 'Ea cum in', 'H271', TO_DATE('2021-06-13', 'YYYY-MM-DD'), TO_DATE('2021-10-09', 'YYYY-MM-DD'));
INSERT INTO habitacao VALUES('Non at.', 'Ex eos ut', 'D760', TO_DATE('2014-04-22', 'YYYY-MM-DD'), NULL);
INSERT INTO habitacao VALUES('K2-32 c', 'Nihil quo', 'M888', TO_DATE('2019-06-28', 'YYYY-MM-DD'), TO_DATE('2019-09-11', 'YYYY-MM-DD'));
INSERT INTO habitacao VALUES('K2-32 c', 'At a modi', 'N128', TO_DATE('2014-06-24', 'YYYY-MM-DD'), NULL);
INSERT INTO habitacao VALUES('K2-32 c', 'Vel ut ex', 'X782', TO_DATE('2021-06-06', 'YYYY-MM-DD'), TO_DATE('2021-09-18', 'YYYY-MM-DD'));
INSERT INTO habitacao VALUES('K2-32 c', 'A qui nam', 'R33', TO_DATE('2013-01-17', 'YYYY-MM-DD'), TO_DATE('2041-07-22', 'YYYY-MM-DD'));
INSERT INTO habitacao VALUES('K2-32 c', 'Vel nihil', 'U850', TO_DATE('2006-01-01', 'YYYY-MM-DD'), TO_DATE('2012-11-03', 'YYYY-MM-DD'));
INSERT INTO habitacao VALUES('A eius.', 'Amet quae', 'F430', TO_DATE('2002-05-05', 'YYYY-MM-DD'), NULL);
INSERT INTO habitacao VALUES('Libero.', 'Ad et eos', 'V221', TO_DATE('2005-03-10', 'YYYY-MM-DD'), NULL);
INSERT INTO habitacao VALUES('Ex cum.', 'At ab hic', 'S566', TO_DATE('2021-03-09', 'YYYY-MM-DD'), TO_DATE('2021-08-25', 'YYYY-MM-DD'));
INSERT INTO habitacao VALUES('In a a.', 'Unde quas', 'P605', TO_DATE('2008-02-15', 'YYYY-MM-DD'), NULL);
INSERT INTO habitacao VALUES('In a a.', 'Hic quasi', 'Z105', TO_DATE('2005-06-16', 'YYYY-MM-DD'), TO_DATE('2060-07-05', 'YYYY-MM-DD'));
INSERT INTO habitacao VALUES('In a a.', 'Vel nihil', 'D368', TO_DATE('2014-06-09', 'YYYY-MM-DD'), TO_DATE('2018-07-02', 'YYYY-MM-DD'));
INSERT INTO habitacao VALUES('Cumque.', 'Sint quod', 'E282', TO_DATE('2004-06-21', 'YYYY-MM-DD'), NULL);
INSERT INTO habitacao VALUES('Amet a.', 'Ea vel at', 'W364', TO_DATE('2016-06-25', 'YYYY-MM-DD'), TO_DATE('2024-10-16', 'YYYY-MM-DD'));
INSERT INTO habitacao VALUES('Amet a.', 'Fuga a et', 'F353', TO_DATE('2012-06-27', 'YYYY-MM-DD'), TO_DATE('2057-10-04', 'YYYY-MM-DD'));
INSERT INTO habitacao VALUES('Amet a.', 'Sed fugit', 'H792', TO_DATE('2012-01-21', 'YYYY-MM-DD'), TO_DATE('2055-12-03', 'YYYY-MM-DD'));
INSERT INTO habitacao VALUES('K2-97 b', 'Et vel ab', 'W634', TO_DATE('2005-05-02', 'YYYY-MM-DD'), TO_DATE('2017-10-22', 'YYYY-MM-DD'));
INSERT INTO habitacao VALUES('K2-97 b', 'Magni hic', 'B734', TO_DATE('2015-01-21', 'YYYY-MM-DD'), TO_DATE('2015-10-24', 'YYYY-MM-DD'));
INSERT INTO habitacao VALUES('K2-97 b', 'Vel ut ex', 'X782', TO_DATE('2018-02-16', 'YYYY-MM-DD'), NULL);
INSERT INTO habitacao VALUES('K2-97 b', 'Ea quo ex', 'A592', TO_DATE('2017-04-01', 'YYYY-MM-DD'), TO_DATE('2017-07-11', 'YYYY-MM-DD'));
INSERT INTO habitacao VALUES('Eum in.', 'Ea quo ex', 'N389', TO_DATE('2018-02-03', 'YYYY-MM-DD'), TO_DATE('2018-07-24', 'YYYY-MM-DD'));
INSERT INTO habitacao VALUES('Eum in.', 'Quae eius', 'Q656', TO_DATE('2007-06-21', 'YYYY-MM-DD'), TO_DATE('2007-08-01', 'YYYY-MM-DD'));
INSERT INTO habitacao VALUES('K2-26 b', 'Optio aut', 'Y28', TO_DATE('2019-02-27', 'YYYY-MM-DD'), NULL);
INSERT INTO habitacao VALUES('K2-59 c', 'Vero sint', 'E868', TO_DATE('2006-04-11', 'YYYY-MM-DD'), TO_DATE('2021-12-22', 'YYYY-MM-DD'));
INSERT INTO habitacao VALUES('K2-59 c', 'Labore at', 'J285', TO_DATE('2006-01-19', 'YYYY-MM-DD'), TO_DATE('2014-08-11', 'YYYY-MM-DD'));
INSERT INTO habitacao VALUES('K2-59 c', 'Vel nihil', 'K829', TO_DATE('2005-06-12', 'YYYY-MM-DD'), TO_DATE('2079-11-06', 'YYYY-MM-DD'));
INSERT INTO habitacao VALUES('K2-59 c', 'Fuga a et', 'K693', TO_DATE('2003-06-20', 'YYYY-MM-DD'), TO_DATE('2018-10-25', 'YYYY-MM-DD'));
INSERT INTO habitacao VALUES('At hic.', 'Unde et a', 'T285', TO_DATE('2020-05-10', 'YYYY-MM-DD'), NULL);
INSERT INTO habitacao VALUES('Est ab.', 'Ipsam nam', 'G226', TO_DATE('2004-06-09', 'YYYY-MM-DD'), TO_DATE('2026-11-15', 'YYYY-MM-DD'));
INSERT INTO habitacao VALUES('Quia a.', 'In at nam', 'J105', TO_DATE('2015-05-03', 'YYYY-MM-DD'), NULL);
INSERT INTO habitacao VALUES('Ea sed.', 'Facere ea', 'I827', TO_DATE('2003-05-04', 'YYYY-MM-DD'), NULL);
INSERT INTO habitacao VALUES('At non.', 'Iusto sed', 'Z58', TO_DATE('2014-06-22', 'YYYY-MM-DD'), TO_DATE('2015-08-09', 'YYYY-MM-DD'));
INSERT INTO habitacao VALUES('K2-28 b', 'Et a quae', 'R705', TO_DATE('2005-02-22', 'YYYY-MM-DD'), NULL);
INSERT INTO habitacao VALUES('Ad qui.', 'Quam quia', 'M550', TO_DATE('2019-04-02', 'YYYY-MM-DD'), TO_DATE('2021-07-24', 'YYYY-MM-DD'));
INSERT INTO habitacao VALUES('Ad qui.', 'Unde et a', 'T285', TO_DATE('2000-04-17', 'YYYY-MM-DD'), NULL);
INSERT INTO habitacao VALUES('Ad qui.', 'Sed magni', 'J747', TO_DATE('2013-02-24', 'YYYY-MM-DD'), TO_DATE('2014-12-11', 'YYYY-MM-DD'));
INSERT INTO habitacao VALUES('Ad qui.', 'Ex ab qui', 'F678', TO_DATE('2003-02-24', 'YYYY-MM-DD'), TO_DATE('2010-10-28', 'YYYY-MM-DD'));
INSERT INTO habitacao VALUES('Sit ex.', 'Quam enim', 'U702', TO_DATE('2013-02-07', 'YYYY-MM-DD'), TO_DATE('2018-11-15', 'YYYY-MM-DD'));
INSERT INTO habitacao VALUES('Sit ex.', 'Eum ut at', 'I604', TO_DATE('2006-06-12', 'YYYY-MM-DD'), TO_DATE('2010-09-07', 'YYYY-MM-DD'));
INSERT INTO habitacao VALUES('Sit ex.', 'Unde quas', 'P605', TO_DATE('2004-01-28', 'YYYY-MM-DD'), TO_DATE('2047-10-15', 'YYYY-MM-DD'));
INSERT INTO habitacao VALUES('Sit ex.', 'Vero sint', 'E868', TO_DATE('2019-02-26', 'YYYY-MM-DD'), NULL);
INSERT INTO habitacao VALUES('Sit ex.', 'Unde quas', 'G619', TO_DATE('2013-05-16', 'YYYY-MM-DD'), TO_DATE('2072-08-19', 'YYYY-MM-DD'));
INSERT INTO habitacao VALUES('K2-35 b', 'Facere ea', 'L471', TO_DATE('2010-04-19', 'YYYY-MM-DD'), NULL);
INSERT INTO habitacao VALUES('K2-35 b', 'Ad eum at', 'B115', TO_DATE('2001-01-16', 'YYYY-MM-DD'), TO_DATE('2055-12-25', 'YYYY-MM-DD'));
INSERT INTO habitacao VALUES('K2-35 b', 'Ea vel at', 'W364', TO_DATE('2003-04-16', 'YYYY-MM-DD'), TO_DATE('2004-08-03', 'YYYY-MM-DD'));
INSERT INTO habitacao VALUES('K2-35 b', 'Nam harum', 'A719', TO_DATE('2004-03-10', 'YYYY-MM-DD'), NULL);
INSERT INTO habitacao VALUES('A et a.', 'Alias qui', 'P164', TO_DATE('2018-06-19', 'YYYY-MM-DD'), TO_DATE('2035-07-15', 'YYYY-MM-DD'));
INSERT INTO habitacao VALUES('A et a.', 'At hic et', 'Z274', TO_DATE('2011-06-15', 'YYYY-MM-DD'), TO_DATE('2021-12-21', 'YYYY-MM-DD'));
INSERT INTO habitacao VALUES('A et a.', 'Quae eius', 'S31', TO_DATE('2010-05-02', 'YYYY-MM-DD'), NULL);
INSERT INTO habitacao VALUES('Ad cum.', 'Voluptate', 'B390', TO_DATE('2019-03-24', 'YYYY-MM-DD'), NULL);
INSERT INTO habitacao VALUES('K2-72 b', 'Ea est ad', 'N559', TO_DATE('2012-03-15', 'YYYY-MM-DD'), TO_DATE('2034-11-02', 'YYYY-MM-DD'));
INSERT INTO habitacao VALUES('Vel id.', 'A qui nam', 'R33', TO_DATE('2004-03-08', 'YYYY-MM-DD'), NULL);
INSERT INTO habitacao VALUES('In cum.', 'Voluptate', 'B390', TO_DATE('2010-03-09', 'YYYY-MM-DD'), TO_DATE('2016-11-22', 'YYYY-MM-DD'));
INSERT INTO habitacao VALUES('K2-16 c', 'A et iure', 'L168', TO_DATE('2016-05-27', 'YYYY-MM-DD'), NULL);
INSERT INTO habitacao VALUES('K2-16 c', 'Et vel ab', 'W634', TO_DATE('2019-03-26', 'YYYY-MM-DD'), NULL);
INSERT INTO habitacao VALUES('K2-16 c', 'Sint quod', 'Q433', TO_DATE('2014-01-03', 'YYYY-MM-DD'), TO_DATE('2015-10-06', 'YYYY-MM-DD'));
INSERT INTO habitacao VALUES('Cum ex.', 'Ea quo ex', 'C666', TO_DATE('2015-02-28', 'YYYY-MM-DD'), NULL);
INSERT INTO habitacao VALUES('Cum ex.', 'Labore at', 'F251', TO_DATE('2013-06-18', 'YYYY-MM-DD'), TO_DATE('2069-08-16', 'YYYY-MM-DD'));
INSERT INTO habitacao VALUES('Cum ex.', 'Quos illo', 'W981', TO_DATE('2000-02-27', 'YYYY-MM-DD'), TO_DATE('2074-11-21', 'YYYY-MM-DD'));
INSERT INTO habitacao VALUES('Ex eos.', 'Quam enim', 'U702', TO_DATE('2014-03-19', 'YYYY-MM-DD'), TO_DATE('2047-08-26', 'YYYY-MM-DD'));
INSERT INTO habitacao VALUES('Ex eos.', 'Unde quas', 'G619', TO_DATE('2011-03-25', 'YYYY-MM-DD'), TO_DATE('2069-07-05', 'YYYY-MM-DD'));
INSERT INTO habitacao VALUES('Ex eos.', 'Saepe sed', 'Q715', TO_DATE('2017-03-06', 'YYYY-MM-DD'), NULL);
INSERT INTO habitacao VALUES('Nam id.', 'Vel dicta', 'N778', TO_DATE('2007-01-02', 'YYYY-MM-DD'), TO_DATE('2011-09-19', 'YYYY-MM-DD'));
INSERT INTO habitacao VALUES('ITG 15B', 'Nihil aut', 'I755', TO_DATE('2011-02-12', 'YYYY-MM-DD'), NULL);
INSERT INTO habitacao VALUES('ITG 15B', 'Ipsa nemo', 'Z371', TO_DATE('2000-04-16', 'YYYY-MM-DD'), NULL);
INSERT INTO habitacao VALUES('K2-43 c', 'Iusto sed', 'Z58', TO_DATE('2020-06-10', 'YYYY-MM-DD'), NULL);
INSERT INTO habitacao VALUES('K2-43 c', 'Unde quas', 'L891', TO_DATE('2010-06-04', 'YYYY-MM-DD'), NULL);
INSERT INTO habitacao VALUES('K2-43 c', 'Et ad non', 'J285', TO_DATE('2009-01-13', 'YYYY-MM-DD'), TO_DATE('2014-11-27', 'YYYY-MM-DD'));
INSERT INTO habitacao VALUES('K2-43 c', 'Ad eum at', 'X617', TO_DATE('2001-05-21', 'YYYY-MM-DD'), TO_DATE('2099-08-19', 'YYYY-MM-DD'));
INSERT INTO habitacao VALUES('K2-43 c', 'Saepe est', 'T301', TO_DATE('2000-01-18', 'YYYY-MM-DD'), NULL);
INSERT INTO habitacao VALUES('Et nam.', 'Ea vel at', 'W364', TO_DATE('2015-03-20', 'YYYY-MM-DD'), NULL);
INSERT INTO habitacao VALUES('Et nam.', 'Sit ipsum', 'O390', TO_DATE('2004-06-28', 'YYYY-MM-DD'), TO_DATE('2005-10-12', 'YYYY-MM-DD'));
INSERT INTO habitacao VALUES('Et nam.', 'Vel nihil', 'U850', TO_DATE('2011-03-15', 'YYYY-MM-DD'), TO_DATE('2018-11-03', 'YYYY-MM-DD'));
INSERT INTO habitacao VALUES('Et nam.', 'Vel nihil', 'C700', TO_DATE('2009-02-26', 'YYYY-MM-DD'), NULL);
INSERT INTO habitacao VALUES('Et nam.', 'In at nam', 'W518', TO_DATE('2006-03-16', 'YYYY-MM-DD'), TO_DATE('2018-11-11', 'YYYY-MM-DD'));
INSERT INTO habitacao VALUES('K2-15 b', 'Unde et a', 'R81', TO_DATE('2005-05-15', 'YYYY-MM-DD'), NULL);
INSERT INTO habitacao VALUES('K2-15 b', 'Et ad non', 'J285', TO_DATE('2005-04-10', 'YYYY-MM-DD'), TO_DATE('2014-11-16', 'YYYY-MM-DD'));
INSERT INTO habitacao VALUES('K2-15 b', 'Ipsa nemo', 'Z371', TO_DATE('2017-06-15', 'YYYY-MM-DD'), NULL);
INSERT INTO habitacao VALUES('K2-15 b', 'Vel dicta', 'N778', TO_DATE('2009-06-27', 'YYYY-MM-DD'), TO_DATE('2019-12-16', 'YYYY-MM-DD'));
INSERT INTO habitacao VALUES('Ex rem.', 'Vel nihil', 'C700', TO_DATE('2015-06-21', 'YYYY-MM-DD'), TO_DATE('2017-08-01', 'YYYY-MM-DD'));
INSERT INTO habitacao VALUES('A odit.', 'Sit ipsum', 'O390', TO_DATE('2018-04-28', 'YYYY-MM-DD'), NULL);
INSERT INTO habitacao VALUES('K2-29 b', 'Amet quae', 'E559', TO_DATE('2016-06-19', 'YYYY-MM-DD'), TO_DATE('2020-07-28', 'YYYY-MM-DD'));
INSERT INTO habitacao VALUES('K2-12 b', 'Nam harum', 'O277', TO_DATE('2011-02-02', 'YYYY-MM-DD'), TO_DATE('2056-09-12', 'YYYY-MM-DD'));
INSERT INTO habitacao VALUES('K2-12 b', 'Sed fugit', 'M914', TO_DATE('2009-05-21', 'YYYY-MM-DD'), TO_DATE('2019-07-17', 'YYYY-MM-DD'));
INSERT INTO habitacao VALUES('K2-12 b', 'Ipsa unde', 'U160', TO_DATE('2019-02-18', 'YYYY-MM-DD'), TO_DATE('2057-09-28', 'YYYY-MM-DD'));
INSERT INTO habitacao VALUES('K2-32 b', 'Optio aut', 'Y28', TO_DATE('2004-01-05', 'YYYY-MM-DD'), TO_DATE('2066-11-10', 'YYYY-MM-DD'));
INSERT INTO habitacao VALUES('K2-32 b', 'Quia esse', 'B960', TO_DATE('2005-01-07', 'YYYY-MM-DD'), TO_DATE('2011-08-17', 'YYYY-MM-DD'));
INSERT INTO habitacao VALUES('K2-32 b', 'Iste iure', 'D719', TO_DATE('2014-01-04', 'YYYY-MM-DD'), TO_DATE('2053-08-01', 'YYYY-MM-DD'));
INSERT INTO habitacao VALUES('A a ex.', 'Labore at', 'J285', TO_DATE('2019-05-25', 'YYYY-MM-DD'), NULL);
INSERT INTO habitacao VALUES('WTS-2 b', 'Vero sint', 'E868', TO_DATE('2004-06-08', 'YYYY-MM-DD'), TO_DATE('2006-09-05', 'YYYY-MM-DD'));
INSERT INTO habitacao VALUES('In eos.', 'Ex eos ut', 'T96', TO_DATE('2015-04-02', 'YYYY-MM-DD'), TO_DATE('2020-08-04', 'YYYY-MM-DD'));
INSERT INTO habitacao VALUES('A nisi.', 'Unde quas', 'P605', TO_DATE('2003-03-02', 'YYYY-MM-DD'), NULL);
INSERT INTO habitacao VALUES('K2-74 b', 'Amet quae', 'F430', TO_DATE('2018-02-06', 'YYYY-MM-DD'), TO_DATE('2019-12-12', 'YYYY-MM-DD'));
INSERT INTO habitacao VALUES('K2-95 b', 'Saepe est', 'T301', TO_DATE('2011-02-28', 'YYYY-MM-DD'), NULL);
INSERT INTO habitacao VALUES('K2-80 c', 'A qui nam', 'R33', TO_DATE('2018-01-17', 'YYYY-MM-DD'), TO_DATE('2020-08-23', 'YYYY-MM-DD'));
INSERT INTO habitacao VALUES('K2-80 c', 'Amet quae', 'R433', TO_DATE('2003-02-17', 'YYYY-MM-DD'), TO_DATE('2078-12-16', 'YYYY-MM-DD'));
INSERT INTO habitacao VALUES('K2-80 c', 'Ad et eos', 'V221', TO_DATE('2021-01-06', 'YYYY-MM-DD'), TO_DATE('2086-09-13', 'YYYY-MM-DD'));
INSERT INTO habitacao VALUES('K2-80 c', 'Unde quas', 'G619', TO_DATE('2003-03-04', 'YYYY-MM-DD'), TO_DATE('2066-10-04', 'YYYY-MM-DD'));
INSERT INTO habitacao VALUES('K2-80 c', 'Sit ipsum', 'O390', TO_DATE('2017-06-02', 'YYYY-MM-DD'), TO_DATE('2066-07-11', 'YYYY-MM-DD'));
INSERT INTO habitacao VALUES('Fugiat.', 'Dicta est', 'B197', TO_DATE('2007-05-14', 'YYYY-MM-DD'), TO_DATE('2015-09-28', 'YYYY-MM-DD'));
INSERT INTO habitacao VALUES('Fugiat.', 'Et a quae', 'R705', TO_DATE('2005-01-22', 'YYYY-MM-DD'), TO_DATE('2019-10-22', 'YYYY-MM-DD'));
INSERT INTO habitacao VALUES('Fugiat.', 'Labore at', 'V239', TO_DATE('2004-04-13', 'YYYY-MM-DD'), NULL);
INSERT INTO habitacao VALUES('Fugiat.', 'Amet quae', 'R433', TO_DATE('2011-02-11', 'YYYY-MM-DD'), NULL);
INSERT INTO habitacao VALUES('Fugiat.', 'At hic et', 'Z274', TO_DATE('2007-04-24', 'YYYY-MM-DD'), NULL);
INSERT INTO habitacao VALUES('Qui ut.', 'Unde et a', 'R81', TO_DATE('2011-04-22', 'YYYY-MM-DD'), NULL);
INSERT INTO habitacao VALUES('Ab eos.', 'Unde quas', 'L891', TO_DATE('2003-01-09', 'YYYY-MM-DD'), TO_DATE('2007-10-16', 'YYYY-MM-DD'));
INSERT INTO habitacao VALUES('K2-86 b', 'A qui nam', 'R33', TO_DATE('2021-01-06', 'YYYY-MM-DD'), NULL);
INSERT INTO habitacao VALUES('Ut est.', 'Optio aut', 'Y28', TO_DATE('2021-05-25', 'YYYY-MM-DD'), TO_DATE('2058-10-26', 'YYYY-MM-DD'));
INSERT INTO habitacao VALUES('Ut est.', 'Eos error', 'X787', TO_DATE('2016-03-18', 'YYYY-MM-DD'), NULL);
INSERT INTO habitacao VALUES('Ut est.', 'Sint quod', 'E282', TO_DATE('2013-01-13', 'YYYY-MM-DD'), NULL);
INSERT INTO habitacao VALUES('Ut est.', 'Sed magni', 'J747', TO_DATE('2001-01-06', 'YYYY-MM-DD'), NULL);
INSERT INTO habitacao VALUES('Ut est.', 'Ipsa nemo', 'Z371', TO_DATE('2015-04-05', 'YYYY-MM-DD'), TO_DATE('2029-09-23', 'YYYY-MM-DD'));
INSERT INTO habitacao VALUES('K2-45 b', 'Quo illum', 'V333', TO_DATE('2017-06-18', 'YYYY-MM-DD'), TO_DATE('2037-11-16', 'YYYY-MM-DD'));
INSERT INTO habitacao VALUES('Cum ea.', 'Ea vel at', 'W364', TO_DATE('2015-05-13', 'YYYY-MM-DD'), TO_DATE('2051-11-22', 'YYYY-MM-DD'));
INSERT INTO habitacao VALUES('Ea eos.', 'Quae quia', 'L759', TO_DATE('2011-03-26', 'YYYY-MM-DD'), TO_DATE('2021-12-19', 'YYYY-MM-DD'));
INSERT INTO habitacao VALUES('Soluta.', 'Rerum nam', 'F624', TO_DATE('2011-04-12', 'YYYY-MM-DD'), TO_DATE('2014-07-22', 'YYYY-MM-DD'));
INSERT INTO habitacao VALUES('K2-21 b', 'Labore at', 'V239', TO_DATE('2009-01-11', 'YYYY-MM-DD'), TO_DATE('2013-08-01', 'YYYY-MM-DD'));
INSERT INTO habitacao VALUES('Eos ad.', 'Itaque ut', 'D664', TO_DATE('2000-06-16', 'YYYY-MM-DD'), NULL);
INSERT INTO habitacao VALUES('Eos ad.', 'Unde et a', 'S855', TO_DATE('2010-05-04', 'YYYY-MM-DD'), NULL);
INSERT INTO habitacao VALUES('Eos ad.', 'Ad ea quo', 'A95', TO_DATE('2015-05-26', 'YYYY-MM-DD'), TO_DATE('2017-12-11', 'YYYY-MM-DD'));
INSERT INTO habitacao VALUES('Eos ad.', 'At a modi', 'P285', TO_DATE('2006-04-21', 'YYYY-MM-DD'), NULL);
INSERT INTO habitacao VALUES('K2-38 c', 'Sed fugit', 'M914', TO_DATE('2018-04-26', 'YYYY-MM-DD'), NULL);
INSERT INTO habitacao VALUES('K2-38 c', 'Iste iure', 'X617', TO_DATE('2018-03-09', 'YYYY-MM-DD'), NULL);
INSERT INTO habitacao VALUES('K2-38 c', 'Et a quae', 'R705', TO_DATE('2006-03-26', 'YYYY-MM-DD'), NULL);
INSERT INTO habitacao VALUES('Est in.', 'Hic quasi', 'Y883', TO_DATE('2021-05-11', 'YYYY-MM-DD'), TO_DATE('2100-08-14', 'YYYY-MM-DD'));
INSERT INTO habitacao VALUES('Teide 1', 'Ipsa unde', 'U160', TO_DATE('2020-06-17', 'YYYY-MM-DD'), TO_DATE('2079-08-19', 'YYYY-MM-DD'));
INSERT INTO habitacao VALUES('Est at.', 'Odio enim', 'H176', TO_DATE('2016-02-12', 'YYYY-MM-DD'), TO_DATE('2021-10-05', 'YYYY-MM-DD'));
INSERT INTO habitacao VALUES('Est at.', 'Hic quasi', 'Y883', TO_DATE('2013-03-28', 'YYYY-MM-DD'), TO_DATE('2019-07-21', 'YYYY-MM-DD'));
INSERT INTO habitacao VALUES('Est at.', 'Alias eum', 'Q388', TO_DATE('2020-02-09', 'YYYY-MM-DD'), TO_DATE('2020-12-20', 'YYYY-MM-DD'));
INSERT INTO habitacao VALUES('Est at.', 'Iste iure', 'D719', TO_DATE('2006-01-08', 'YYYY-MM-DD'), TO_DATE('2061-09-15', 'YYYY-MM-DD'));
INSERT INTO habitacao VALUES('Est at.', 'Et a odio', 'E74', TO_DATE('2006-02-09', 'YYYY-MM-DD'), TO_DATE('2014-08-01', 'YYYY-MM-DD'));
INSERT INTO habitacao VALUES('Hic et.', 'Unde et a', 'T285', TO_DATE('2015-01-02', 'YYYY-MM-DD'), NULL);
INSERT INTO habitacao VALUES('SOI-3 b', 'Nam harum', 'A719', TO_DATE('2021-06-03', 'YYYY-MM-DD'), NULL);
INSERT INTO habitacao VALUES('A odio.', 'Odio quae', 'Y795', TO_DATE('2016-06-27', 'YYYY-MM-DD'), NULL);
INSERT INTO habitacao VALUES('A enim.', 'Facere ea', 'I827', TO_DATE('2010-03-27', 'YYYY-MM-DD'), TO_DATE('2040-11-24', 'YYYY-MM-DD'));
INSERT INTO habitacao VALUES('Facere.', 'Vel nihil', 'D368', TO_DATE('2003-02-07', 'YYYY-MM-DD'), TO_DATE('2078-09-15', 'YYYY-MM-DD'));
INSERT INTO habitacao VALUES('Id sit.', 'Ex ex sed', 'R651', TO_DATE('2010-05-14', 'YYYY-MM-DD'), TO_DATE('2014-10-22', 'YYYY-MM-DD'));
INSERT INTO habitacao VALUES('Id sit.', 'Unde quas', 'L891', TO_DATE('2015-06-12', 'YYYY-MM-DD'), NULL);
INSERT INTO habitacao VALUES('Id sit.', 'Nihil aut', 'I755', TO_DATE('2021-02-09', 'YYYY-MM-DD'), TO_DATE('2067-11-13', 'YYYY-MM-DD'));
INSERT INTO habitacao VALUES('Id sit.', 'Amet quae', 'F430', TO_DATE('2014-04-01', 'YYYY-MM-DD'), TO_DATE('2044-10-09', 'YYYY-MM-DD'));
INSERT INTO habitacao VALUES('Id sit.', 'Hic quasi', 'Y883', TO_DATE('2005-04-21', 'YYYY-MM-DD'), NULL);
INSERT INTO habitacao VALUES('Cum et.', 'At ab hic', 'S566', TO_DATE('2015-04-24', 'YYYY-MM-DD'), TO_DATE('2069-10-27', 'YYYY-MM-DD'));
INSERT INTO habitacao VALUES('A nemo.', 'At a modi', 'Z575', TO_DATE('2008-05-03', 'YYYY-MM-DD'), NULL);
INSERT INTO habitacao VALUES('Ea nam.', 'A et iure', 'F678', TO_DATE('2000-01-21', 'YYYY-MM-DD'), NULL);
INSERT INTO habitacao VALUES('K2-98 b', 'Eum ut at', 'I604', TO_DATE('2012-02-21', 'YYYY-MM-DD'), TO_DATE('2026-09-11', 'YYYY-MM-DD'));
INSERT INTO habitacao VALUES('Id vel.', 'Quos ipsa', 'H460', TO_DATE('2010-04-16', 'YYYY-MM-DD'), TO_DATE('2020-12-05', 'YYYY-MM-DD'));
INSERT INTO habitacao VALUES('Id vel.', 'A sed quo', 'F678', TO_DATE('2006-01-14', 'YYYY-MM-DD'), TO_DATE('2054-09-06', 'YYYY-MM-DD'));
INSERT INTO habitacao VALUES('Id vel.', 'Fuga a et', 'F353', TO_DATE('2000-05-21', 'YYYY-MM-DD'), TO_DATE('2002-11-21', 'YYYY-MM-DD'));
INSERT INTO habitacao VALUES('Id vel.', 'Nam harum', 'O277', TO_DATE('2008-06-28', 'YYYY-MM-DD'), TO_DATE('2062-08-02', 'YYYY-MM-DD'));
INSERT INTO habitacao VALUES('Id vel.', 'Non culpa', 'O997', TO_DATE('2002-03-06', 'YYYY-MM-DD'), TO_DATE('2018-11-04', 'YYYY-MM-DD'));
INSERT INTO habitacao VALUES('Vel et.', 'Ut a nemo', 'W864', TO_DATE('2007-06-07', 'YYYY-MM-DD'), NULL);
INSERT INTO habitacao VALUES('Vel et.', 'Alias eum', 'Q388', TO_DATE('2015-04-05', 'YYYY-MM-DD'), TO_DATE('2016-10-28', 'YYYY-MM-DD'));
INSERT INTO habitacao VALUES('Vel et.', 'Vel nihil', 'U850', TO_DATE('2013-02-14', 'YYYY-MM-DD'), TO_DATE('2017-08-01', 'YYYY-MM-DD'));
INSERT INTO habitacao VALUES('Vel et.', 'Facere ea', 'I827', TO_DATE('2007-03-19', 'YYYY-MM-DD'), TO_DATE('2008-12-21', 'YYYY-MM-DD'));
INSERT INTO habitacao VALUES('Ad non.', 'At in aut', 'X215', TO_DATE('2012-06-14', 'YYYY-MM-DD'), TO_DATE('2013-12-20', 'YYYY-MM-DD'));
INSERT INTO habitacao VALUES('Ad non.', 'Unde quas', 'P605', TO_DATE('2010-02-16', 'YYYY-MM-DD'), NULL);
INSERT INTO habitacao VALUES('Ad non.', 'Eum culpa', 'L759', TO_DATE('2008-05-20', 'YYYY-MM-DD'), NULL);
INSERT INTO habitacao VALUES('Vel at.', 'Quos ipsa', 'H460', TO_DATE('2018-02-09', 'YYYY-MM-DD'), TO_DATE('2061-08-17', 'YYYY-MM-DD'));
INSERT INTO habitacao VALUES('Quo id.', 'Quos ipsa', 'H460', TO_DATE('2010-06-17', 'YYYY-MM-DD'), TO_DATE('2015-10-05', 'YYYY-MM-DD'));
INSERT INTO habitacao VALUES('Vel ea.', 'Eos error', 'X787', TO_DATE('2011-04-10', 'YYYY-MM-DD'), NULL);
INSERT INTO habitacao VALUES('Vel ea.', 'Esse enim', 'P945', TO_DATE('2013-02-11', 'YYYY-MM-DD'), NULL);
INSERT INTO habitacao VALUES('Sit ab.', 'Quos ipsa', 'N559', TO_DATE('2004-01-08', 'YYYY-MM-DD'), TO_DATE('2024-08-02', 'YYYY-MM-DD'));
INSERT INTO habitacao VALUES('Sit ab.', 'Quis quae', 'P948', TO_DATE('2003-04-02', 'YYYY-MM-DD'), NULL);
INSERT INTO habitacao VALUES('Sit ab.', 'Quam enim', 'U702', TO_DATE('2015-01-28', 'YYYY-MM-DD'), TO_DATE('2017-12-28', 'YYYY-MM-DD'));
INSERT INTO habitacao VALUES('Sit ab.', 'Iste iure', 'X617', TO_DATE('2009-02-27', 'YYYY-MM-DD'), TO_DATE('2043-08-24', 'YYYY-MM-DD'));
INSERT INTO habitacao VALUES('Aut ut.', 'Magni hic', 'C100', TO_DATE('2016-05-06', 'YYYY-MM-DD'), TO_DATE('2019-10-03', 'YYYY-MM-DD'));
INSERT INTO habitacao VALUES('Ex est.', 'Hic quasi', 'G234', TO_DATE('2009-06-22', 'YYYY-MM-DD'), TO_DATE('2022-07-13', 'YYYY-MM-DD'));
INSERT INTO habitacao VALUES('Ut nam.', 'Vel dicta', 'N778', TO_DATE('2002-04-27', 'YYYY-MM-DD'), TO_DATE('2082-12-22', 'YYYY-MM-DD'));
INSERT INTO habitacao VALUES('Eum at.', 'Ad eum at', 'B115', TO_DATE('2001-06-20', 'YYYY-MM-DD'), NULL);
INSERT INTO habitacao VALUES('Nam ex.', 'Quos ipsa', 'H460', TO_DATE('2001-06-10', 'YYYY-MM-DD'), TO_DATE('2003-09-26', 'YYYY-MM-DD'));
INSERT INTO habitacao VALUES('K2-17 b', 'A quia et', 'T374', TO_DATE('2012-03-06', 'YYYY-MM-DD'), NULL);
INSERT INTO habitacao VALUES('Aut ab.', 'Alias qui', 'P164', TO_DATE('2012-03-21', 'YYYY-MM-DD'), TO_DATE('2019-12-05', 'YYYY-MM-DD'));
INSERT INTO habitacao VALUES('Aut ab.', 'Ab eos ea', 'G651', TO_DATE('2021-05-05', 'YYYY-MM-DD'), TO_DATE('2021-09-22', 'YYYY-MM-DD'));
INSERT INTO habitacao VALUES('Cum at.', 'Vel ut ex', 'V333', TO_DATE('2012-04-09', 'YYYY-MM-DD'), TO_DATE('2066-11-20', 'YYYY-MM-DD'));
INSERT INTO habitacao VALUES('Aut id.', 'Ad et eos', 'V221', TO_DATE('2020-04-03', 'YYYY-MM-DD'), TO_DATE('2079-07-17', 'YYYY-MM-DD'));
INSERT INTO habitacao VALUES('Non in.', 'Vel dicta', 'N778', TO_DATE('2016-06-21', 'YYYY-MM-DD'), TO_DATE('2019-11-03', 'YYYY-MM-DD'));
INSERT INTO habitacao VALUES('GPX-1 b', 'Hic quasi', 'Y883', TO_DATE('2004-06-10', 'YYYY-MM-DD'), TO_DATE('2076-08-17', 'YYYY-MM-DD'));
INSERT INTO habitacao VALUES('GPX-1 b', 'Sed fugit', 'M914', TO_DATE('2001-05-04', 'YYYY-MM-DD'), TO_DATE('2060-11-14', 'YYYY-MM-DD'));
INSERT INTO habitacao VALUES('GPX-1 b', 'Quam quia', 'M550', TO_DATE('2008-05-03', 'YYYY-MM-DD'), TO_DATE('2018-11-01', 'YYYY-MM-DD'));
INSERT INTO habitacao VALUES('GPX-1 b', 'Nam harum', 'O277', TO_DATE('2005-04-02', 'YYYY-MM-DD'), NULL);
INSERT INTO habitacao VALUES('Ut sit.', 'Error non', 'M474', TO_DATE('2019-03-11', 'YYYY-MM-DD'), TO_DATE('2021-08-07', 'YYYY-MM-DD'));
INSERT INTO habitacao VALUES('Ut sit.', 'Non culpa', 'O997', TO_DATE('2013-05-01', 'YYYY-MM-DD'), TO_DATE('2015-07-13', 'YYYY-MM-DD'));
INSERT INTO habitacao VALUES('Ut sit.', 'Fuga a et', 'S571', TO_DATE('2012-06-24', 'YYYY-MM-DD'), TO_DATE('2091-11-24', 'YYYY-MM-DD'));
INSERT INTO habitacao VALUES('Ut sit.', 'Sit ipsum', 'O390', TO_DATE('2009-01-05', 'YYYY-MM-DD'), TO_DATE('2009-08-01', 'YYYY-MM-DD'));
INSERT INTO habitacao VALUES('Ut sit.', 'Quos illo', 'W981', TO_DATE('2006-04-21', 'YYYY-MM-DD'), TO_DATE('2012-08-21', 'YYYY-MM-DD'));
INSERT INTO habitacao VALUES('Ut non.', 'Unde quas', 'L891', TO_DATE('2013-01-04', 'YYYY-MM-DD'), NULL);
INSERT INTO habitacao VALUES('Ut non.', 'Sed magni', 'J747', TO_DATE('2015-01-28', 'YYYY-MM-DD'), TO_DATE('2017-10-19', 'YYYY-MM-DD'));
INSERT INTO habitacao VALUES('Ut non.', 'Ea vel at', 'W364', TO_DATE('2010-01-04', 'YYYY-MM-DD'), NULL);
INSERT INTO habitacao VALUES('Ut non.', 'Vel nihil', 'C700', TO_DATE('2018-05-24', 'YYYY-MM-DD'), TO_DATE('2021-11-10', 'YYYY-MM-DD'));
INSERT INTO habitacao VALUES('Ad quo.', 'Quam enim', 'U702', TO_DATE('2001-05-01', 'YYYY-MM-DD'), TO_DATE('2009-10-19', 'YYYY-MM-DD'));
INSERT INTO habitacao VALUES('Ad quo.', 'Alias eum', 'Q388', TO_DATE('2015-01-16', 'YYYY-MM-DD'), TO_DATE('2070-11-21', 'YYYY-MM-DD'));
INSERT INTO habitacao VALUES('Ad quo.', 'Labore at', 'F251', TO_DATE('2009-06-07', 'YYYY-MM-DD'), TO_DATE('2073-10-12', 'YYYY-MM-DD'));
INSERT INTO habitacao VALUES('Ad quo.', 'Vero sint', 'E868', TO_DATE('2019-06-22', 'YYYY-MM-DD'), NULL);
INSERT INTO habitacao VALUES('Ad quo.', 'Ea quo ex', 'V380', TO_DATE('2021-06-24', 'YYYY-MM-DD'), TO_DATE('2041-09-26', 'YYYY-MM-DD'));
INSERT INTO habitacao VALUES('K2-90 c', 'Vel nihil', 'U850', TO_DATE('2021-04-05', 'YYYY-MM-DD'), TO_DATE('2021-08-07', 'YYYY-MM-DD'));
INSERT INTO habitacao VALUES('Eum ex.', 'Ut a nemo', 'W864', TO_DATE('2007-02-18', 'YYYY-MM-DD'), TO_DATE('2040-07-01', 'YYYY-MM-DD'));
INSERT INTO habitacao VALUES('Eum ex.', 'Ex eos ut', 'N104', TO_DATE('2005-05-02', 'YYYY-MM-DD'), TO_DATE('2084-07-11', 'YYYY-MM-DD'));
INSERT INTO habitacao VALUES('Eum ex.', 'Unde quas', 'G619', TO_DATE('2017-02-16', 'YYYY-MM-DD'), NULL);
INSERT INTO habitacao VALUES('Eum ex.', 'Ipsam nam', 'L759', TO_DATE('2008-02-28', 'YYYY-MM-DD'), TO_DATE('2093-12-28', 'YYYY-MM-DD'));
INSERT INTO habitacao VALUES('K2-31 b', 'Quae eius', 'I547', TO_DATE('2003-01-26', 'YYYY-MM-DD'), NULL);
INSERT INTO habitacao VALUES('K2-63 b', 'Fuga a et', 'K693', TO_DATE('2005-06-04', 'YYYY-MM-DD'), TO_DATE('2014-08-12', 'YYYY-MM-DD'));
INSERT INTO habitacao VALUES('Id cum.', 'Iusto sed', 'Z58', TO_DATE('2003-02-21', 'YYYY-MM-DD'), NULL);
INSERT INTO habitacao VALUES('Aut ea.', 'Quae eius', 'I547', TO_DATE('2000-02-27', 'YYYY-MM-DD'), TO_DATE('2005-10-11', 'YYYY-MM-DD'));
INSERT INTO habitacao VALUES('Aut ea.', 'Cum quo a', 'V239', TO_DATE('2011-06-25', 'YYYY-MM-DD'), NULL);
INSERT INTO habitacao VALUES('Ab vel.', 'Itaque ut', 'D664', TO_DATE('2004-04-14', 'YYYY-MM-DD'), NULL);
INSERT INTO habitacao VALUES('Ab vel.', 'Sit ipsum', 'O390', TO_DATE('2014-02-25', 'YYYY-MM-DD'), NULL);
INSERT INTO habitacao VALUES('Ab vel.', 'A qui nam', 'R33', TO_DATE('2010-03-13', 'YYYY-MM-DD'), TO_DATE('2010-08-14', 'YYYY-MM-DD'));
INSERT INTO habitacao VALUES('Ab vel.', 'Fugit nam', 'M7', TO_DATE('2020-06-26', 'YYYY-MM-DD'), NULL);
INSERT INTO habitacao VALUES('Ab vel.', 'Ipsa nemo', 'Z371', TO_DATE('2011-01-27', 'YYYY-MM-DD'), NULL);
INSERT INTO habitacao VALUES('At cum.', 'Unde iste', 'K251', TO_DATE('2017-05-26', 'YYYY-MM-DD'), TO_DATE('2061-11-21', 'YYYY-MM-DD'));
INSERT INTO habitacao VALUES('At cum.', 'At hic et', 'Z274', TO_DATE('2009-01-02', 'YYYY-MM-DD'), TO_DATE('2025-11-11', 'YYYY-MM-DD'));
INSERT INTO habitacao VALUES('At cum.', 'Vel nihil', 'U850', TO_DATE('2002-05-18', 'YYYY-MM-DD'), TO_DATE('2083-09-17', 'YYYY-MM-DD'));
INSERT INTO habitacao VALUES('At cum.', 'At hic et', 'O826', TO_DATE('2000-05-19', 'YYYY-MM-DD'), NULL);
INSERT INTO habitacao VALUES('J1433 b', 'Iusto sed', 'Z58', TO_DATE('2001-03-09', 'YYYY-MM-DD'), TO_DATE('2007-12-17', 'YYYY-MM-DD'));
INSERT INTO habitacao VALUES('J1433 b', 'Amet quae', 'F430', TO_DATE('2009-05-24', 'YYYY-MM-DD'), TO_DATE('2039-07-15', 'YYYY-MM-DD'));
INSERT INTO habitacao VALUES('J1433 b', 'Ea cum in', 'H271', TO_DATE('2009-03-22', 'YYYY-MM-DD'), NULL);
INSERT INTO habitacao VALUES('J1433 b', 'Unde et a', 'S855', TO_DATE('2003-03-17', 'YYYY-MM-DD'), NULL);
INSERT INTO habitacao VALUES('Vero a.', 'Unde quas', 'L891', TO_DATE('2013-01-03', 'YYYY-MM-DD'), NULL);
INSERT INTO habitacao VALUES('K2-81 b', 'Ex eos ut', 'T96', TO_DATE('2021-05-13', 'YYYY-MM-DD'), TO_DATE('2071-11-18', 'YYYY-MM-DD'));
INSERT INTO habitacao VALUES('K2-81 b', 'Esse enim', 'P945', TO_DATE('2020-04-15', 'YYYY-MM-DD'), NULL);
INSERT INTO habitacao VALUES('K2-81 b', 'Vel nihil', 'C700', TO_DATE('2004-05-05', 'YYYY-MM-DD'), TO_DATE('2094-10-23', 'YYYY-MM-DD'));
INSERT INTO habitacao VALUES('K2-81 b', 'Amet quae', 'E559', TO_DATE('2014-04-02', 'YYYY-MM-DD'), NULL);
INSERT INTO habitacao VALUES('A iste.', 'Nam harum', 'A719', TO_DATE('2003-03-19', 'YYYY-MM-DD'), TO_DATE('2018-09-02', 'YYYY-MM-DD'));
INSERT INTO habitacao VALUES('XO-2N b', 'Ipsa nemo', 'Z371', TO_DATE('2015-01-26', 'YYYY-MM-DD'), NULL);
INSERT INTO habitacao VALUES('XO-2N b', 'Itaque ut', 'D664', TO_DATE('2009-03-07', 'YYYY-MM-DD'), NULL);
INSERT INTO habitacao VALUES('XO-2N b', 'Eos error', 'A655', TO_DATE('2017-03-03', 'YYYY-MM-DD'), TO_DATE('2056-07-14', 'YYYY-MM-DD'));
INSERT INTO habitacao VALUES('A illo.', 'Ad magnam', 'I297', TO_DATE('2015-06-27', 'YYYY-MM-DD'), NULL);
INSERT INTO habitacao VALUES('Quo at.', 'Id non ea', 'N389', TO_DATE('2021-04-05', 'YYYY-MM-DD'), TO_DATE('2021-12-11', 'YYYY-MM-DD'));
INSERT INTO habitacao VALUES('K2-62 b', 'Ad magnam', 'I297', TO_DATE('2021-04-24', 'YYYY-MM-DD'), TO_DATE('2021-09-21', 'YYYY-MM-DD'));
INSERT INTO habitacao VALUES('K2-62 b', 'Ipsa unde', 'G229', TO_DATE('2017-06-04', 'YYYY-MM-DD'), TO_DATE('2021-12-18', 'YYYY-MM-DD'));
INSERT INTO habitacao VALUES('K2-62 b', 'Quos ipsa', 'N559', TO_DATE('2015-05-01', 'YYYY-MM-DD'), NULL);
INSERT INTO habitacao VALUES('K2-62 b', 'Ipsa unde', 'U160', TO_DATE('2008-02-08', 'YYYY-MM-DD'), NULL);
INSERT INTO habitacao VALUES('Quod a.', 'Et est ad', 'E47', TO_DATE('2018-01-16', 'YYYY-MM-DD'), TO_DATE('2071-07-11', 'YYYY-MM-DD'));
INSERT INTO habitacao VALUES('Quod a.', 'Ipsa unde', 'G229', TO_DATE('2012-03-03', 'YYYY-MM-DD'), TO_DATE('2048-07-04', 'YYYY-MM-DD'));
INSERT INTO habitacao VALUES('Quod a.', 'Ad ea quo', 'K829', TO_DATE('2008-01-05', 'YYYY-MM-DD'), NULL);
INSERT INTO habitacao VALUES('Quod a.', 'Unde quas', 'P605', TO_DATE('2005-01-23', 'YYYY-MM-DD'), TO_DATE('2045-07-10', 'YYYY-MM-DD'));
INSERT INTO habitacao VALUES('Quod a.', 'Vel nihil', 'K829', TO_DATE('2010-03-13', 'YYYY-MM-DD'), TO_DATE('2019-07-02', 'YYYY-MM-DD'));
INSERT INTO habitacao VALUES('Sed ut.', 'Ut a nemo', 'W864', TO_DATE('2003-03-02', 'YYYY-MM-DD'), TO_DATE('2011-09-15', 'YYYY-MM-DD'));
INSERT INTO habitacao VALUES('Ab cum.', 'Ea cum in', 'H271', TO_DATE('2008-05-19', 'YYYY-MM-DD'), TO_DATE('2016-12-04', 'YYYY-MM-DD'));
INSERT INTO habitacao VALUES('Ab cum.', 'Ipsam nam', 'G226', TO_DATE('2018-04-15', 'YYYY-MM-DD'), NULL);
INSERT INTO habitacao VALUES('Ab cum.', 'Ad ea quo', 'A95', TO_DATE('2011-05-06', 'YYYY-MM-DD'), NULL);
INSERT INTO habitacao VALUES('Ab cum.', 'A et iure', 'L168', TO_DATE('2000-04-27', 'YYYY-MM-DD'), NULL);
INSERT INTO habitacao VALUES('SOI-4 b', 'Totam sed', 'T225', TO_DATE('2019-03-27', 'YYYY-MM-DD'), NULL);
INSERT INTO habitacao VALUES('Et qui.', 'Magni hic', 'C100', TO_DATE('2001-02-24', 'YYYY-MM-DD'), TO_DATE('2003-11-19', 'YYYY-MM-DD'));
INSERT INTO habitacao VALUES('K2-58 b', 'Labore at', 'J285', TO_DATE('2013-02-20', 'YYYY-MM-DD'), TO_DATE('2100-11-26', 'YYYY-MM-DD'));
INSERT INTO habitacao VALUES('K2-37 d', 'Non culpa', 'O997', TO_DATE('2008-02-22', 'YYYY-MM-DD'), TO_DATE('2017-09-11', 'YYYY-MM-DD'));
INSERT INTO habitacao VALUES('K2-27 b', 'Eos error', 'A655', TO_DATE('2000-01-22', 'YYYY-MM-DD'), TO_DATE('2089-08-14', 'YYYY-MM-DD'));
INSERT INTO habitacao VALUES('K2-27 b', 'Vel ut ex', 'V333', TO_DATE('2017-01-26', 'YYYY-MM-DD'), TO_DATE('2017-12-21', 'YYYY-MM-DD'));
INSERT INTO habitacao VALUES('K2-72 c', 'Sed magni', 'J747', TO_DATE('2011-04-27', 'YYYY-MM-DD'), TO_DATE('2100-11-12', 'YYYY-MM-DD'));
INSERT INTO habitacao VALUES('In sit.', 'Amet quae', 'F430', TO_DATE('2011-02-15', 'YYYY-MM-DD'), NULL);
INSERT INTO habitacao VALUES('Ut quo.', 'Ex eos ut', 'N104', TO_DATE('2002-05-21', 'YYYY-MM-DD'), NULL);
INSERT INTO habitacao VALUES('Ad nam.', 'Sit ipsum', 'O390', TO_DATE('2008-04-23', 'YYYY-MM-DD'), TO_DATE('2011-12-20', 'YYYY-MM-DD'));
INSERT INTO habitacao VALUES('Ad nam.', 'At in aut', 'X215', TO_DATE('2008-05-17', 'YYYY-MM-DD'), TO_DATE('2092-10-06', 'YYYY-MM-DD'));
INSERT INTO habitacao VALUES('Ad nam.', 'Ex sunt a', 'S349', TO_DATE('2018-02-24', 'YYYY-MM-DD'), TO_DATE('2019-07-05', 'YYYY-MM-DD'));
INSERT INTO habitacao VALUES('Ad nam.', 'At ab hic', 'S566', TO_DATE('2021-01-23', 'YYYY-MM-DD'), NULL);
INSERT INTO habitacao VALUES('Ab eum.', 'Error non', 'M474', TO_DATE('2013-06-22', 'YYYY-MM-DD'), NULL);
INSERT INTO habitacao VALUES('Ex qui.', 'At ab hic', 'S566', TO_DATE('2021-05-15', 'YYYY-MM-DD'), TO_DATE('2026-10-12', 'YYYY-MM-DD'));
INSERT INTO habitacao VALUES('Ex qui.', 'Fuga a et', 'F353', TO_DATE('2008-04-18', 'YYYY-MM-DD'), TO_DATE('2011-10-11', 'YYYY-MM-DD'));
INSERT INTO habitacao VALUES('Ex qui.', 'Sed fugit', 'H792', TO_DATE('2018-01-24', 'YYYY-MM-DD'), TO_DATE('2027-08-23', 'YYYY-MM-DD'));
INSERT INTO habitacao VALUES('Ex qui.', 'Facere ea', 'L471', TO_DATE('2005-03-10', 'YYYY-MM-DD'), NULL);
INSERT INTO habitacao VALUES('Id sed.', 'Ipsa unde', 'G229', TO_DATE('2008-02-04', 'YYYY-MM-DD'), NULL);
INSERT INTO habitacao VALUES('Id sed.', 'Unde modi', 'N559', TO_DATE('2016-02-03', 'YYYY-MM-DD'), TO_DATE('2028-11-20', 'YYYY-MM-DD'));
INSERT INTO habitacao VALUES('Id sed.', 'Amet quae', 'K251', TO_DATE('2003-01-02', 'YYYY-MM-DD'), TO_DATE('2091-07-13', 'YYYY-MM-DD'));
INSERT INTO habitacao VALUES('Id sed.', 'Sint quod', 'Q433', TO_DATE('2001-04-02', 'YYYY-MM-DD'), NULL);
INSERT INTO habitacao VALUES('Cum ab.', 'Unde modi', 'N559', TO_DATE('2012-04-04', 'YYYY-MM-DD'), TO_DATE('2088-11-25', 'YYYY-MM-DD'));
INSERT INTO habitacao VALUES('Eos in.', 'Ipsa unde', 'C26', TO_DATE('2012-04-26', 'YYYY-MM-DD'), NULL);
INSERT INTO habitacao VALUES('Quae a.', 'Error non', 'M474', TO_DATE('2018-02-04', 'YYYY-MM-DD'), TO_DATE('2026-07-01', 'YYYY-MM-DD'));
INSERT INTO habitacao VALUES('Qui ab.', 'Vel ut ex', 'X782', TO_DATE('2020-05-09', 'YYYY-MM-DD'), TO_DATE('2099-09-14', 'YYYY-MM-DD'));
INSERT INTO habitacao VALUES('Ab quo.', 'Et ad non', 'J285', TO_DATE('2001-02-10', 'YYYY-MM-DD'), TO_DATE('2084-11-14', 'YYYY-MM-DD'));
INSERT INTO habitacao VALUES('Ab quo.', 'Ex eos ut', 'N104', TO_DATE('2018-05-25', 'YYYY-MM-DD'), TO_DATE('2095-08-05', 'YYYY-MM-DD'));
INSERT INTO habitacao VALUES('A id a.', 'Ipsa unde', 'C26', TO_DATE('2001-02-17', 'YYYY-MM-DD'), TO_DATE('2012-11-28', 'YYYY-MM-DD'));
INSERT INTO habitacao VALUES('A id a.', 'Ipsam est', 'Y345', TO_DATE('2020-02-26', 'YYYY-MM-DD'), TO_DATE('2021-07-11', 'YYYY-MM-DD'));
INSERT INTO habitacao VALUES('A id a.', 'Quis quae', 'P948', TO_DATE('2018-05-11', 'YYYY-MM-DD'), TO_DATE('2038-11-10', 'YYYY-MM-DD'));
INSERT INTO habitacao VALUES('K2-66 b', 'Ut a nemo', 'W864', TO_DATE('2000-06-08', 'YYYY-MM-DD'), TO_DATE('2027-12-08', 'YYYY-MM-DD'));
INSERT INTO habitacao VALUES('Non ea.', 'Unde et a', 'S855', TO_DATE('2012-02-27', 'YYYY-MM-DD'), TO_DATE('2017-07-12', 'YYYY-MM-DD'));
INSERT INTO habitacao VALUES('Non ea.', 'Ad odio a', 'H143', TO_DATE('2003-02-10', 'YYYY-MM-DD'), NULL);
INSERT INTO habitacao VALUES('Non ea.', 'Sit ipsum', 'O390', TO_DATE('2000-02-07', 'YYYY-MM-DD'), TO_DATE('2008-09-06', 'YYYY-MM-DD'));
INSERT INTO habitacao VALUES('Ex hic.', 'Ad magnam', 'I297', TO_DATE('2005-02-01', 'YYYY-MM-DD'), TO_DATE('2008-08-27', 'YYYY-MM-DD'));
INSERT INTO habitacao VALUES('Non ex.', 'A quia et', 'T374', TO_DATE('2010-02-10', 'YYYY-MM-DD'), TO_DATE('2057-10-08', 'YYYY-MM-DD'));
INSERT INTO habitacao VALUES('Non ex.', 'Ea cum in', 'R433', TO_DATE('2002-01-05', 'YYYY-MM-DD'), TO_DATE('2019-08-26', 'YYYY-MM-DD'));
INSERT INTO habitacao VALUES('Itaque.', 'Ab id aut', 'D72', TO_DATE('2020-02-02', 'YYYY-MM-DD'), TO_DATE('2021-11-19', 'YYYY-MM-DD'));
INSERT INTO habitacao VALUES('Itaque.', 'Fugit nam', 'M7', TO_DATE('2007-01-21', 'YYYY-MM-DD'), TO_DATE('2015-09-28', 'YYYY-MM-DD'));
INSERT INTO habitacao VALUES('Itaque.', 'Ad eum at', 'V333', TO_DATE('2002-04-26', 'YYYY-MM-DD'), TO_DATE('2018-12-20', 'YYYY-MM-DD'));
INSERT INTO habitacao VALUES('K2-24 c', 'Ex ex sed', 'R651', TO_DATE('2016-04-06', 'YYYY-MM-DD'), TO_DATE('2077-09-23', 'YYYY-MM-DD'));
INSERT INTO habitacao VALUES('K2-24 c', 'Ut a nemo', 'W864', TO_DATE('2008-05-13', 'YYYY-MM-DD'), TO_DATE('2012-12-26', 'YYYY-MM-DD'));
INSERT INTO habitacao VALUES('K2-24 c', 'Voluptate', 'B390', TO_DATE('2006-04-28', 'YYYY-MM-DD'), TO_DATE('2019-08-13', 'YYYY-MM-DD'));
INSERT INTO habitacao VALUES('K2-24 c', 'Unde et a', 'S855', TO_DATE('2011-03-18', 'YYYY-MM-DD'), NULL);
INSERT INTO habitacao VALUES('K2-24 c', 'Fugit nam', 'X907', TO_DATE('2016-03-08', 'YYYY-MM-DD'), TO_DATE('2095-11-02', 'YYYY-MM-DD'));
INSERT INTO habitacao VALUES('Et non.', 'Quis quae', 'P948', TO_DATE('2013-03-26', 'YYYY-MM-DD'), TO_DATE('2013-10-11', 'YYYY-MM-DD'));
INSERT INTO habitacao VALUES('Et non.', 'Unde et a', 'T285', TO_DATE('2007-03-21', 'YYYY-MM-DD'), NULL);
INSERT INTO habitacao VALUES('Et non.', 'Fugit nam', 'X907', TO_DATE('2008-02-04', 'YYYY-MM-DD'), TO_DATE('2077-07-03', 'YYYY-MM-DD'));
INSERT INTO habitacao VALUES('Et non.', 'Hic quasi', 'Z105', TO_DATE('2006-06-11', 'YYYY-MM-DD'), NULL);
INSERT INTO habitacao VALUES('Rem at.', 'At ab hic', 'S566', TO_DATE('2019-02-28', 'YYYY-MM-DD'), TO_DATE('2052-12-24', 'YYYY-MM-DD'));
INSERT INTO habitacao VALUES('Quo et.', 'Vel nihil', 'U850', TO_DATE('2012-04-27', 'YYYY-MM-DD'), NULL);
INSERT INTO habitacao VALUES('Quo et.', 'Quae eius', 'Q656', TO_DATE('2012-02-08', 'YYYY-MM-DD'), TO_DATE('2015-12-24', 'YYYY-MM-DD'));
INSERT INTO habitacao VALUES('Quo et.', 'Quis quae', 'P948', TO_DATE('2010-01-11', 'YYYY-MM-DD'), NULL);
INSERT INTO habitacao VALUES('Enim a.', 'Voluptate', 'B390', TO_DATE('2014-05-01', 'YYYY-MM-DD'), TO_DATE('2030-09-05', 'YYYY-MM-DD'));
INSERT INTO habitacao VALUES('Ad sed.', 'Eos error', 'X787', TO_DATE('2010-02-14', 'YYYY-MM-DD'), NULL);
INSERT INTO habitacao VALUES('Eos ab.', 'Hic quasi', 'Y883', TO_DATE('2018-01-19', 'YYYY-MM-DD'), TO_DATE('2020-07-05', 'YYYY-MM-DD'));
INSERT INTO habitacao VALUES('Nam ad.', 'Ea vel at', 'W364', TO_DATE('2006-04-03', 'YYYY-MM-DD'), TO_DATE('2009-11-13', 'YYYY-MM-DD'));
INSERT INTO habitacao VALUES('K2-25 b', 'Ipsa nemo', 'Z371', TO_DATE('2005-01-22', 'YYYY-MM-DD'), TO_DATE('2020-11-06', 'YYYY-MM-DD'));
INSERT INTO habitacao VALUES('K2-25 b', 'Ipsa unde', 'G229', TO_DATE('2006-01-13', 'YYYY-MM-DD'), TO_DATE('2008-09-07', 'YYYY-MM-DD'));
INSERT INTO habitacao VALUES('K2-25 b', 'Error non', 'M474', TO_DATE('2011-05-01', 'YYYY-MM-DD'), NULL);
INSERT INTO habitacao VALUES('K2-25 b', 'Quia esse', 'B960', TO_DATE('2005-01-05', 'YYYY-MM-DD'), TO_DATE('2013-11-14', 'YYYY-MM-DD'));
INSERT INTO habitacao VALUES('Sed ab.', 'Quos ipsa', 'H460', TO_DATE('2009-04-27', 'YYYY-MM-DD'), TO_DATE('2086-12-22', 'YYYY-MM-DD'));
INSERT INTO habitacao VALUES('Sed ab.', 'Dicta est', 'B197', TO_DATE('2016-06-22', 'YYYY-MM-DD'), TO_DATE('2017-10-09', 'YYYY-MM-DD'));
INSERT INTO habitacao VALUES('K2-80 d', 'Ea est ad', 'L471', TO_DATE('2010-05-16', 'YYYY-MM-DD'), TO_DATE('2021-10-15', 'YYYY-MM-DD'));
INSERT INTO habitacao VALUES('K2-80 d', 'Fuga a et', 'V644', TO_DATE('2011-06-27', 'YYYY-MM-DD'), TO_DATE('2020-12-26', 'YYYY-MM-DD'));
INSERT INTO habitacao VALUES('K2-80 d', 'Ex sunt a', 'S349', TO_DATE('2007-02-20', 'YYYY-MM-DD'), TO_DATE('2091-12-14', 'YYYY-MM-DD'));
INSERT INTO habitacao VALUES('K2-80 d', 'Ab non ea', 'U160', TO_DATE('2003-04-23', 'YYYY-MM-DD'), NULL);
INSERT INTO habitacao VALUES('K2-32 d', 'Et vel ab', 'W634', TO_DATE('2006-04-14', 'YYYY-MM-DD'), NULL);
INSERT INTO habitacao VALUES('K2-32 d', 'Ex eos ut', 'T96', TO_DATE('2016-03-14', 'YYYY-MM-DD'), TO_DATE('2020-10-06', 'YYYY-MM-DD'));
INSERT INTO habitacao VALUES('K2-32 d', 'Nemo nemo', 'L759', TO_DATE('2000-01-21', 'YYYY-MM-DD'), NULL);
INSERT INTO habitacao VALUES('K2-32 d', 'Vel nihil', 'T374', TO_DATE('2012-02-13', 'YYYY-MM-DD'), TO_DATE('2014-07-01', 'YYYY-MM-DD'));
INSERT INTO habitacao VALUES('K2-32 d', 'A et iure', 'F678', TO_DATE('2015-04-03', 'YYYY-MM-DD'), NULL);
INSERT INTO habitacao VALUES('Ea non.', 'Quae eius', 'I547', TO_DATE('2015-03-27', 'YYYY-MM-DD'), NULL);
INSERT INTO habitacao VALUES('K2-77 b', 'Unde et a', 'T285', TO_DATE('2003-05-24', 'YYYY-MM-DD'), TO_DATE('2003-10-06', 'YYYY-MM-DD'));
INSERT INTO habitacao VALUES('In nam.', 'Vel dicta', 'N778', TO_DATE('2011-02-07', 'YYYY-MM-DD'), NULL);
INSERT INTO habitacao VALUES('Rem ex.', 'Sed magni', 'J747', TO_DATE('2020-05-21', 'YYYY-MM-DD'), NULL);
INSERT INTO habitacao VALUES('K2-79 b', 'Sed magni', 'J747', TO_DATE('2019-01-02', 'YYYY-MM-DD'), TO_DATE('2019-10-25', 'YYYY-MM-DD'));
INSERT INTO habitacao VALUES('K2-79 b', 'Ex ex sed', 'R651', TO_DATE('2006-01-01', 'YYYY-MM-DD'), NULL);
INSERT INTO habitacao VALUES('K2-79 b', 'Ad magnam', 'I297', TO_DATE('2021-06-03', 'YYYY-MM-DD'), NULL);
INSERT INTO habitacao VALUES('Illo a.', 'Saepe sed', 'Q715', TO_DATE('2001-04-17', 'YYYY-MM-DD'), TO_DATE('2072-07-27', 'YYYY-MM-DD'));
INSERT INTO habitacao VALUES('Ab nam.', 'Voluptate', 'B390', TO_DATE('2013-01-08', 'YYYY-MM-DD'), TO_DATE('2035-08-04', 'YYYY-MM-DD'));
INSERT INTO habitacao VALUES('Odio a.', 'Ex eos ut', 'D760', TO_DATE('2006-04-08', 'YYYY-MM-DD'), NULL);
INSERT INTO habitacao VALUES('Odio a.', 'Et vel ab', 'Q465', TO_DATE('2002-02-14', 'YYYY-MM-DD'), TO_DATE('2015-09-25', 'YYYY-MM-DD'));
INSERT INTO habitacao VALUES('Odio a.', 'In nam ut', 'R433', TO_DATE('2003-05-11', 'YYYY-MM-DD'), TO_DATE('2091-12-23', 'YYYY-MM-DD'));
INSERT INTO habitacao VALUES('Hic ex.', 'Ab id aut', 'D72', TO_DATE('2002-03-01', 'YYYY-MM-DD'), TO_DATE('2067-11-19', 'YYYY-MM-DD'));
INSERT INTO habitacao VALUES('Hic ex.', 'Ea cum in', 'H271', TO_DATE('2007-01-20', 'YYYY-MM-DD'), TO_DATE('2013-07-10', 'YYYY-MM-DD'));
INSERT INTO habitacao VALUES('Non ab.', 'Quos illo', 'U224', TO_DATE('2004-03-16', 'YYYY-MM-DD'), TO_DATE('2010-09-07', 'YYYY-MM-DD'));
INSERT INTO habitacao VALUES('Aut ad.', 'Facere ea', 'I827', TO_DATE('2010-02-09', 'YYYY-MM-DD'), NULL);
INSERT INTO habitacao VALUES('Ut qui.', 'Fuga a et', 'V644', TO_DATE('2007-06-11', 'YYYY-MM-DD'), TO_DATE('2007-09-08', 'YYYY-MM-DD'));
INSERT INTO habitacao VALUES('Ut qui.', 'Ea est ad', 'L471', TO_DATE('2007-05-28', 'YYYY-MM-DD'), TO_DATE('2063-10-17', 'YYYY-MM-DD'));
INSERT INTO habitacao VALUES('Ut qui.', 'Ad eum at', 'B115', TO_DATE('2015-01-07', 'YYYY-MM-DD'), NULL);
INSERT INTO habitacao VALUES('Ut qui.', 'Ad ea quo', 'A95', TO_DATE('2002-02-19', 'YYYY-MM-DD'), NULL);
INSERT INTO habitacao VALUES('Ut rem.', 'Alias qui', 'U224', TO_DATE('2014-03-06', 'YYYY-MM-DD'), TO_DATE('2016-12-07', 'YYYY-MM-DD'));
INSERT INTO habitacao VALUES('Ut rem.', 'Et sit in', 'L471', TO_DATE('2009-05-15', 'YYYY-MM-DD'), TO_DATE('2021-12-07', 'YYYY-MM-DD'));
INSERT INTO habitacao VALUES('Ut rem.', 'Totam sed', 'T225', TO_DATE('2011-04-13', 'YYYY-MM-DD'), TO_DATE('2075-08-16', 'YYYY-MM-DD'));
INSERT INTO habitacao VALUES('Ut rem.', 'Quis quae', 'G651', TO_DATE('2015-01-25', 'YYYY-MM-DD'), NULL);
INSERT INTO habitacao VALUES('Ut rem.', 'Hic quasi', 'Y883', TO_DATE('2017-06-06', 'YYYY-MM-DD'), TO_DATE('2075-09-13', 'YYYY-MM-DD'));
INSERT INTO habitacao VALUES('Ea sit.', 'Totam sed', 'T225', TO_DATE('2010-02-23', 'YYYY-MM-DD'), TO_DATE('2013-10-07', 'YYYY-MM-DD'));
INSERT INTO habitacao VALUES('Ea sit.', 'Ad eum at', 'B115', TO_DATE('2016-06-24', 'YYYY-MM-DD'), TO_DATE('2069-09-16', 'YYYY-MM-DD'));
INSERT INTO habitacao VALUES('Ea sit.', 'At in aut', 'X215', TO_DATE('2012-04-10', 'YYYY-MM-DD'), TO_DATE('2012-12-19', 'YYYY-MM-DD'));
INSERT INTO habitacao VALUES('Ea sit.', 'Amet quae', 'F430', TO_DATE('2018-02-07', 'YYYY-MM-DD'), NULL);
INSERT INTO habitacao VALUES('Ea sit.', 'Unde quia', 'L239', TO_DATE('2020-06-12', 'YYYY-MM-DD'), NULL);
INSERT INTO habitacao VALUES('K2-34 b', 'Facere ea', 'L471', TO_DATE('2015-01-27', 'YYYY-MM-DD'), NULL);
INSERT INTO habitacao VALUES('Est et.', 'Non culpa', 'O997', TO_DATE('2021-02-09', 'YYYY-MM-DD'), TO_DATE('2041-08-20', 'YYYY-MM-DD'));
INSERT INTO habitacao VALUES('Est et.', 'Ab non ea', 'D760', TO_DATE('2002-06-23', 'YYYY-MM-DD'), NULL);
INSERT INTO habitacao VALUES('A ab a.', 'Quos illo', 'U224', TO_DATE('2013-02-27', 'YYYY-MM-DD'), NULL);
INSERT INTO habitacao VALUES('Vel ut.', 'Vel nihil', 'T374', TO_DATE('2013-06-28', 'YYYY-MM-DD'), NULL);
INSERT INTO habitacao VALUES('Quos a.', 'Quos ipsa', 'K876', TO_DATE('2008-06-07', 'YYYY-MM-DD'), NULL);
INSERT INTO habitacao VALUES('K2-75 c', 'Ad eum at', 'V333', TO_DATE('2003-01-25', 'YYYY-MM-DD'), TO_DATE('2086-12-14', 'YYYY-MM-DD'));
INSERT INTO habitacao VALUES('K2-75 c', 'Fuga a et', 'V644', TO_DATE('2005-02-12', 'YYYY-MM-DD'), TO_DATE('2020-08-23', 'YYYY-MM-DD'));
INSERT INTO habitacao VALUES('K2-47 b', 'A et iure', 'L168', TO_DATE('2005-02-02', 'YYYY-MM-DD'), NULL);
INSERT INTO habitacao VALUES('K2-58 c', 'Quae eius', 'I547', TO_DATE('2020-02-03', 'YYYY-MM-DD'), TO_DATE('2055-09-03', 'YYYY-MM-DD'));
INSERT INTO habitacao VALUES('K2-58 c', 'Sint quod', 'Q433', TO_DATE('2000-05-08', 'YYYY-MM-DD'), NULL);
INSERT INTO habitacao VALUES('K2-58 c', 'At a modi', 'Z575', TO_DATE('2001-03-25', 'YYYY-MM-DD'), TO_DATE('2006-07-22', 'YYYY-MM-DD'));
INSERT INTO habitacao VALUES('K2-58 c', 'Optio aut', 'Y28', TO_DATE('2016-01-13', 'YYYY-MM-DD'), NULL);
INSERT INTO habitacao VALUES('Rem in.', 'Quam enim', 'U702', TO_DATE('2010-05-14', 'YYYY-MM-DD'), NULL);
INSERT INTO habitacao VALUES('Sed at.', 'Quos ipsa', 'J45', TO_DATE('2021-04-13', 'YYYY-MM-DD'), NULL);
INSERT INTO habitacao VALUES('Sed at.', 'Hic quasi', 'G234', TO_DATE('2000-04-28', 'YYYY-MM-DD'), NULL);
INSERT INTO habitacao VALUES('Sed at.', 'Et ad non', 'J285', TO_DATE('2019-01-28', 'YYYY-MM-DD'), NULL);
INSERT INTO habitacao VALUES('W0336 b', 'Et sit in', 'L471', TO_DATE('2014-05-22', 'YYYY-MM-DD'), TO_DATE('2066-12-28', 'YYYY-MM-DD'));
INSERT INTO habitacao VALUES('Sit ut.', 'Eos error', 'A655', TO_DATE('2000-06-12', 'YYYY-MM-DD'), NULL);
INSERT INTO habitacao VALUES('K2-75 b', 'Ea cum in', 'H271', TO_DATE('2012-06-20', 'YYYY-MM-DD'), TO_DATE('2072-07-12', 'YYYY-MM-DD'));
INSERT INTO habitacao VALUES('Eum ea.', 'Eum culpa', 'Z575', TO_DATE('2012-03-20', 'YYYY-MM-DD'), TO_DATE('2020-08-23', 'YYYY-MM-DD'));
INSERT INTO habitacao VALUES('A ut a.', 'Iusto sed', 'Z58', TO_DATE('2004-04-26', 'YYYY-MM-DD'), NULL);

COMMIT;
INSERT INTO sistema VALUES('Gl 760', 'Teide 896');
INSERT INTO sistema VALUES('Gl 303', 'Teide 896');
INSERT INTO sistema VALUES('Gl 740', 'Teide 896');
INSERT INTO sistema VALUES('Gl 316', 'Teide 896');
INSERT INTO sistema VALUES('Gl 513', 'Teide 896');
INSERT INTO sistema VALUES('Gl 341', 'Teide 896');
INSERT INTO sistema VALUES('Gl 787', 'Teide 896');
INSERT INTO sistema VALUES('Gl 788', 'Teide 896');
INSERT INTO sistema VALUES('Gl 511', 'WTS-175');
INSERT INTO sistema VALUES('Gl 526', 'WTS-175');
INSERT INTO sistema VALUES('Gl 728', 'WTS-175');
INSERT INTO sistema VALUES('Gl 736', 'WTS-175');
INSERT INTO sistema VALUES('Gl 299', 'WTS-175');
INSERT INTO sistema VALUES('Gl 532', 'WTS-175');
INSERT INTO sistema VALUES('Gl 710', 'WTS-175');
INSERT INTO sistema VALUES('Gl 758', 'WTS-175');
INSERT INTO sistema VALUES('Gl 258', 'WTS-175');
INSERT INTO sistema VALUES('Gl 276', 'WTS-175');
INSERT INTO sistema VALUES('Gl 545', 'WTS-175');
INSERT INTO sistema VALUES('Gl 803', 'WTS-175');
INSERT INTO sistema VALUES('Gl 781', 'WTS-175');
INSERT INTO sistema VALUES('Gl 312', 'XO-2N 264');
INSERT INTO sistema VALUES('Gl 515', 'XO-2N 264');
INSERT INTO sistema VALUES('Gl 742', 'XO-2N 264');
INSERT INTO sistema VALUES('Gl 514', 'XO-2N 264');
INSERT INTO sistema VALUES('Gl 746', 'XO-2N 264');
INSERT INTO sistema VALUES('Gl 334', 'XO-2N 264');
INSERT INTO sistema VALUES('Gl 498', 'XO-2N 264');
INSERT INTO sistema VALUES('Gl 534', 'XO-2N 264');
INSERT INTO sistema VALUES('Gl 318', 'XO-2N 264');
INSERT INTO sistema VALUES('Gl 729', 'XO-2N 264');
INSERT INTO sistema VALUES('Gl 554', 'XO-2N 264');
INSERT INTO sistema VALUES('Gl 782', 'XO-2N 341');
INSERT INTO sistema VALUES('Gl 357', 'XO-2N 341');
INSERT INTO sistema VALUES('Gl 484', 'XO-2N 341');
INSERT INTO sistema VALUES('Gl 721', 'XO-2N 341');
INSERT INTO sistema VALUES('Gl 502', 'XO-2N 341');
INSERT INTO sistema VALUES('Gl 260', 'XO-2N 341');
INSERT INTO sistema VALUES('Gl 273', 'XO-2N 341');
INSERT INTO sistema VALUES('Gl 53A', 'XO-2N 341');
INSERT INTO sistema VALUES('Gl 538', 'XO-2N 341');
INSERT INTO sistema VALUES('Gl 275', 'XO-2N 341');
INSERT INTO sistema VALUES('Gl 510', 'XO-2N 341');
INSERT INTO sistema VALUES('Gl 557', 'J1433 804');
INSERT INTO sistema VALUES('Gl 785', 'J1433 804');
INSERT INTO sistema VALUES('Gl 793', 'J1433 804');
INSERT INTO sistema VALUES('Gl 806', 'J1433 804');
INSERT INTO sistema VALUES('Gl 739', 'J1433 804');
INSERT INTO sistema VALUES('Gl 481', 'Gl 349');
INSERT INTO sistema VALUES('Gl 769', 'Gl 349');
INSERT INTO sistema VALUES('Gl 355', 'Gl 349');
INSERT INTO sistema VALUES('Gl 270', 'Gl 349');
INSERT INTO sistema VALUES('Gl 743', 'Gl 349');
INSERT INTO sistema VALUES('Gl 253', 'Gl 349');
INSERT INTO sistema VALUES('3C 273', 'Gl 349');
INSERT INTO sistema VALUES('Gl 336', '4 Uma 64');
INSERT INTO sistema VALUES('Gl 279', '4 Uma 64');
INSERT INTO sistema VALUES('Gl 295', '4 Uma 64');
INSERT INTO sistema VALUES('Gl 254', '4 Uma 64');
INSERT INTO sistema VALUES('Gl 546', '4 Uma 64');
INSERT INTO sistema VALUES('Gl 268', '4 Uma 64');
INSERT INTO sistema VALUES('Gl 555', '4 Uma 64');
INSERT INTO sistema VALUES('Gl 518', '4 Uma 64');
INSERT INTO sistema VALUES('Gl 485', 'ITG 533');
INSERT INTO sistema VALUES('Gl 284', 'ITG 533');
INSERT INTO sistema VALUES('Gl 703', 'ITG 533');
INSERT INTO sistema VALUES('Gl 306', 'ITG 533');
INSERT INTO sistema VALUES('Gl 754', 'ITG 533');
INSERT INTO sistema VALUES('Gl 561', 'ITG 533');
INSERT INTO sistema VALUES('Gl 321', '4 Uma 858');
INSERT INTO sistema VALUES('Gl 519', '4 Uma 858');
INSERT INTO sistema VALUES('Gl 305', '4 Uma 858');
INSERT INTO sistema VALUES('Gl 53B', 'GPX-291');
INSERT INTO sistema VALUES('Gl 556', 'GPX-291');

COMMIT;

INSERT INTO orbita_planeta VALUES('Nam ex.', 'Gl 760', 308.8914267895966, 1299.2265387697366, 1.2346401269326013);
INSERT INTO orbita_planeta VALUES('Vel ut.', 'Gl 303', 631.0770722380825, 846.7821353950561, 2.9149510490998978);
INSERT INTO orbita_planeta VALUES('SOI-4 b', 'Gl 303', 58.812588312795675, 869.0227666071604, 1.52702233403062);
INSERT INTO orbita_planeta VALUES('K2-16 c', 'Gl 303', 848.0699489463723, 1782.5028564265126, 2.2507173344796447);
INSERT INTO orbita_planeta VALUES('K2-14 b', 'Gl 303', 923.157854865729, 1699.1965923044988, 8.567787966691304);
INSERT INTO orbita_planeta VALUES('Ad nam.', 'Gl 303', 299.1017772584373, 1114.1139391335832, 9.123763728776442);
INSERT INTO orbita_planeta VALUES('Ea aut.', 'Gl 740', 547.9429095408735, 885.3530571961628, 6.778986861811697);
INSERT INTO orbita_planeta VALUES('Aut ea.', 'Gl 740', 757.7141850543225, 1148.777279728546, 5.27844434430857);
INSERT INTO orbita_planeta VALUES('A odio.', 'Gl 316', 696.3763156761511, 891.4684923304055, 8.562522198856623);
INSERT INTO orbita_planeta VALUES('Ab eum.', 'Gl 316', 97.31956668869168, 420.7381522891458, 7.91277465078113);
INSERT INTO orbita_planeta VALUES('Id hic.', 'Gl 316', 849.8097206248002, 1559.3972521919713, 4.575325001376419);
INSERT INTO orbita_planeta VALUES('Sed et.', 'Gl 513', 441.8837405439877, 924.325458608844, 8.972180869044578);
INSERT INTO orbita_planeta VALUES('K2-16 c', 'Gl 513', 218.13647303252247, 966.518990695577, 7.353188965561836);
INSERT INTO orbita_planeta VALUES('XO-2N b', 'Gl 341', 725.9575117836988, 1301.6396087265693, 6.783178060166481);
INSERT INTO orbita_planeta VALUES('SOI-4 b', 'Gl 787', 950.3981544278603, 1377.5092189173834, 8.416600910441794);
INSERT INTO orbita_planeta VALUES('K2-65 b', 'Gl 787', 96.04773190307503, 1070.206491868642, 1.796328793843328);
INSERT INTO orbita_planeta VALUES('K2-83 c', 'Gl 788', 980.2767598288892, 1630.3745646321847, 5.933923902647304);
INSERT INTO orbita_planeta VALUES('Quae a.', 'Gl 511', 245.00100339943788, 363.8035451982039, 3.966447970913789);
INSERT INTO orbita_planeta VALUES('Ad non.', 'Gl 511', 687.9841059159895, 1642.5394696641151, 6.527969669193046);
INSERT INTO orbita_planeta VALUES('Est ex.', 'Gl 526', 777.730811116649, 1642.6266005774505, 6.50310936436809);
INSERT INTO orbita_planeta VALUES('Teide 1', 'Gl 526', 632.3335144906898, 1077.4517954924593, 0.11602417528632114);
INSERT INTO orbita_planeta VALUES('Eos at.', 'Gl 526', 82.63699056246543, 571.8554315228826, 6.6879220983742504);
INSERT INTO orbita_planeta VALUES('Ex rem.', 'Gl 526', 23.02676131464898, 596.0086701378212, 5.726305654607591);
INSERT INTO orbita_planeta VALUES('K2-71 b', 'Gl 728', 794.3437143629715, 975.4403082790886, 4.841914772983952);
INSERT INTO orbita_planeta VALUES('Nam ad.', 'Gl 728', 298.3633471386365, 423.5997846041943, 3.25228974696236);
INSERT INTO orbita_planeta VALUES('Est ab.', 'Gl 728', 405.33051500371045, 1106.0724245951646, 3.937965449397277);
INSERT INTO orbita_planeta VALUES('Sed at.', 'Gl 736', 63.93166273013584, 901.0756023498077, 5.389817857276582);
INSERT INTO orbita_planeta VALUES('6 Lyn b', 'Gl 736', 753.5082157923891, 960.9719866415055, 6.585823811412029);
INSERT INTO orbita_planeta VALUES('K2-83 c', 'Gl 736', 180.66417323055438, 779.7667798192748, 1.7993755642566078);
INSERT INTO orbita_planeta VALUES('K2-77 b', 'Gl 736', 800.5129718355543, 923.5582750546876, 1.2881599050075576);
INSERT INTO orbita_planeta VALUES('Vel id.', 'Gl 736', 652.6405003757048, 740.4614293851439, 2.5676048436351193);
INSERT INTO orbita_planeta VALUES('K2-16 d', 'Gl 299', 979.928434824326, 1486.0767455644536, 3.6355964069274185);
INSERT INTO orbita_planeta VALUES('Cumque.', 'Gl 532', 423.0513272963694, 1368.2798120026473, 0.0008556431783046659);
INSERT INTO orbita_planeta VALUES('Vel et.', 'Gl 532', 46.166263119985175, 991.9608568076616, 9.046195133239166);
INSERT INTO orbita_planeta VALUES('Ea nam.', 'Gl 532', 659.1575781561613, 1104.0778657343794, 5.770714692059369);
INSERT INTO orbita_planeta VALUES('Ex est.', 'Gl 532', 522.6662599353726, 1508.6857818631852, 3.5211712573596934);
INSERT INTO orbita_planeta VALUES('K2-16 c', 'Gl 532', 687.9303090200508, 1350.5473056344122, 0.4473555264696738);
INSERT INTO orbita_planeta VALUES('Ea sed.', 'Gl 710', 141.66733100793672, 997.7525035466032, 2.1521294085251483);
INSERT INTO orbita_planeta VALUES('Nam id.', 'Gl 758', 591.7831388046231, 869.1788575616274, 7.291044043176825);
INSERT INTO orbita_planeta VALUES('Et non.', 'Gl 758', 74.35965947694034, 329.3270305583107, 3.8178231306201917);
INSERT INTO orbita_planeta VALUES('Cum ab.', 'Gl 258', 456.06774898807754, 1400.8082325565326, 6.765256704788159);
INSERT INTO orbita_planeta VALUES('K2-63 c', 'Gl 258', 535.9043196124054, 606.4623656372062, 7.326748987242555);
INSERT INTO orbita_planeta VALUES('Sed ut.', 'Gl 276', 563.6421565511677, 1211.41326783468, 5.114274442564301);
INSERT INTO orbita_planeta VALUES('A eius.', 'Gl 276', 419.6864725766167, 573.1778825665126, 9.924489914460782);
INSERT INTO orbita_planeta VALUES('K2-58 b', 'Gl 545', 25.909863144291112, 629.5171097778929, 0.7752459697518665);
INSERT INTO orbita_planeta VALUES('6 Lyn b', 'Gl 545', 531.4701654761293, 1215.4494126018799, 4.067812641408991);
INSERT INTO orbita_planeta VALUES('Non in.', 'Gl 545', 640.1774889899355, 1002.9969736801054, 3.3351734860294266);
INSERT INTO orbita_planeta VALUES('Est in.', 'Gl 545', 146.32963291447876, 944.4269992010358, 2.736467868824551);
INSERT INTO orbita_planeta VALUES('Et qui.', 'Gl 803', 979.4852135239056, 1201.7107855335312, 9.51782860644182);
INSERT INTO orbita_planeta VALUES('K2-97 b', 'Gl 781', 526.4756733799533, 1401.9875976061594, 5.888270498912278);
INSERT INTO orbita_planeta VALUES('K2-71 b', 'Gl 312', 528.9601188071086, 1229.4156545479466, 8.653983494788163);
INSERT INTO orbita_planeta VALUES('K2-38 c', 'Gl 312', 607.466944300131, 1504.0371875988649, 1.7074741660055803);
INSERT INTO orbita_planeta VALUES('Ut quo.', 'Gl 312', 180.6724842278129, 986.7574802523106, 6.778118831515333);
INSERT INTO orbita_planeta VALUES('Quae a.', 'Gl 312', 476.8618687414386, 604.4340718639727, 0.09497468819158805);
INSERT INTO orbita_planeta VALUES('Nam at.', 'Gl 515', 657.562934803727, 800.2330772963838, 5.675607750968812);
INSERT INTO orbita_planeta VALUES('K2-21 b', 'Gl 515', 52.86462544233827, 778.2838982167476, 9.744998467724821);
INSERT INTO orbita_planeta VALUES('Fugiat.', 'Gl 515', 678.2152251057549, 1096.4589738509785, 4.577865912251511);
INSERT INTO orbita_planeta VALUES('Sed ab.', 'Gl 515', 986.2462755590782, 1784.7151743074298, 5.022292456538949);
INSERT INTO orbita_planeta VALUES('Est at.', 'Gl 515', 952.6163222474238, 1473.210985730902, 7.18466809998361);
INSERT INTO orbita_planeta VALUES('Quo id.', 'Gl 742', 635.6352482581248, 722.5775331659326, 3.0566150252904576);
INSERT INTO orbita_planeta VALUES('Ex est.', 'Gl 742', 845.2456078688843, 1479.9222884298522, 0.7669321246410177);
INSERT INTO orbita_planeta VALUES('Et a a.', 'Gl 514', 165.11312555757684, 222.52464786098756, 7.4340945695229514);
INSERT INTO orbita_planeta VALUES('Sit ut.', 'Gl 514', 808.3469187792612, 819.0416010954923, 9.48396685898182);
INSERT INTO orbita_planeta VALUES('Qui in.', 'Gl 746', 479.6559475198775, 994.6674345651794, 9.979544257877333);
INSERT INTO orbita_planeta VALUES('6 Lyn b', 'Gl 746', 405.4714516840894, 1021.7580586976129, 9.108864056423114);
INSERT INTO orbita_planeta VALUES('Ad eum.', 'Gl 746', 714.1600729896046, 1416.7517867632487, 7.496679525454388);
INSERT INTO orbita_planeta VALUES('K2-95 b', 'Gl 746', 994.2219461424883, 1655.3960568446778, 9.204589562368644);
INSERT INTO orbita_planeta VALUES('Rem ab.', 'Gl 746', 607.3735464263858, 1572.020930179837, 6.745221684141855);
INSERT INTO orbita_planeta VALUES('Ex rem.', 'Gl 334', 174.81419500054696, 541.8651321122893, 1.33318800581131);
INSERT INTO orbita_planeta VALUES('At cum.', 'Gl 334', 952.483602247436, 1375.2058710635781, 3.7909476586046784);
INSERT INTO orbita_planeta VALUES('Ab cum.', 'Gl 334', 969.7284036370628, 1307.6869996434352, 6.7906317300919605);
INSERT INTO orbita_planeta VALUES('K2-83 c', 'Gl 334', 290.0647394297867, 773.1894224339949, 2.6475078771312486);
INSERT INTO orbita_planeta VALUES('Qui ex.', 'Gl 334', 738.0257221398982, 1306.867666727289, 2.1746319475066933);
INSERT INTO orbita_planeta VALUES('ITG 25B', 'Gl 498', 935.4143847752881, 1827.9082930148068, 8.483517802377525);
INSERT INTO orbita_planeta VALUES('Aut ex.', 'Gl 498', 355.74406389810963, 971.2743123340977, 3.285518012817997);
INSERT INTO orbita_planeta VALUES('J1433 b', 'Gl 498', 107.16405514742733, 456.885754282405, 7.224335907858439);
INSERT INTO orbita_planeta VALUES('J1433 b', 'Gl 534', 8.863732973767636, 439.6675496800534, 1.9754443380790776);
INSERT INTO orbita_planeta VALUES('K2-88 b', 'Gl 534', 410.71905287983003, 1323.82816531699, 0.06910451916086635);
INSERT INTO orbita_planeta VALUES('Qui ut.', 'Gl 534', 226.0952328942617, 621.4540589228878, 2.9928495261442434);
INSERT INTO orbita_planeta VALUES('Enim a.', 'Gl 534', 892.1933858259173, 1428.6207705268703, 2.694816746465488);
INSERT INTO orbita_planeta VALUES('Sed ab.', 'Gl 318', 161.83430060650704, 515.5720776838473, 4.33960154695885);
INSERT INTO orbita_planeta VALUES('K2-81 b', 'Gl 318', 883.5762655028259, 1592.795700348755, 1.1066564313744798);
INSERT INTO orbita_planeta VALUES('A enim.', 'Gl 318', 40.256307525041166, 434.802312811733, 7.439239869357161);
INSERT INTO orbita_planeta VALUES('K2-57 b', 'Gl 318', 160.31250108931073, 359.30442522898795, 4.792949852324936);
INSERT INTO orbita_planeta VALUES('K2-83 c', 'Gl 729', 421.09532273611296, 971.2189956354754, 7.9982008547884575);
INSERT INTO orbita_planeta VALUES('WTS-1 b', 'Gl 729', 324.88769852437, 1089.2804081099284, 8.817665308704676);
INSERT INTO orbita_planeta VALUES('Ut quo.', 'Gl 729', 131.4176701734422, 1089.0962646723715, 7.927129568245426);
INSERT INTO orbita_planeta VALUES('Nam at.', 'Gl 554', 344.1205509007046, 357.76950618167126, 6.844376641251514);
INSERT INTO orbita_planeta VALUES('K2-14 b', 'Gl 554', 678.310318513481, 1020.4513166807651, 9.764385267875106);
INSERT INTO orbita_planeta VALUES('Nam ad.', 'Gl 782', 480.19301361938284, 762.4163834407617, 0.8261489690020596);
INSERT INTO orbita_planeta VALUES('SOI-3 b', 'Gl 357', 766.7276048289237, 1630.8944104503892, 9.942570604455156);
INSERT INTO orbita_planeta VALUES('K2-80 c', 'Gl 357', 666.3304479465589, 1095.4893754349787, 4.738928281252153);
INSERT INTO orbita_planeta VALUES('A quos.', 'Gl 357', 701.1449540440493, 1203.4788976725722, 1.8118824950359003);
INSERT INTO orbita_planeta VALUES('K2-48 b', 'Gl 545', 229.38419223175333, 361.68000490772977, 0.3836643154816055);
INSERT INTO orbita_planeta VALUES('K2-28 b', 'Gl 545', 929.0983315274799, 1355.4013085653667, 6.164673581692837);
INSERT INTO orbita_planeta VALUES('K2-89 b', 'Gl 545', 864.3501106720817, 1244.7027598191241, 5.249711819473352);
INSERT INTO orbita_planeta VALUES('K2-12 b', 'Gl 545', 221.77523625029505, 647.8510932279607, 0.6134972356158264);
INSERT INTO orbita_planeta VALUES('Quo et.', 'Gl 545', 643.8731555018983, 948.1631454952837, 2.692460891870867);
INSERT INTO orbita_planeta VALUES('Ab vel.', 'Gl 484', 711.5855993186995, 958.5542361282935, 8.95106234010729);
INSERT INTO orbita_planeta VALUES('At hic.', 'Gl 484', 40.88912904661834, 93.0197660697003, 7.447547042492002);
INSERT INTO orbita_planeta VALUES('Cum ex.', 'Gl 484', 285.3169699911636, 565.4763235192011, 6.06521823262883);
INSERT INTO orbita_planeta VALUES('Est ab.', 'Gl 721', 252.2630464161052, 743.549393951218, 3.3428214717177074);
INSERT INTO orbita_planeta VALUES('K2-18 b', 'Gl 721', 96.88722095599422, 110.54880434206905, 5.517682267014953);
INSERT INTO orbita_planeta VALUES('Sit in.', 'Gl 721', 331.21173352426814, 1072.5038362339433, 3.6138496356406815);
INSERT INTO orbita_planeta VALUES('Sed ut.', 'Gl 721', 238.2522199321414, 514.1991664490225, 5.843272163275581);
INSERT INTO orbita_planeta VALUES('K2-37 b', 'Gl 502', 130.48540524809528, 873.072841997398, 1.2035434723674454);
INSERT INTO orbita_planeta VALUES('At non.', 'Gl 260', 192.92750734582575, 638.6973085266402, 0.986374100661247);
INSERT INTO orbita_planeta VALUES('K2-31 b', 'Gl 260', 301.47641692571824, 775.6749370321277, 7.609880134612256);
INSERT INTO orbita_planeta VALUES('K2-88 b', 'Gl 260', 43.81110614412975, 235.51783372494938, 5.504956819981569);
INSERT INTO orbita_planeta VALUES('Ab eos.', 'Gl 260', 891.5866529723654, 1650.9418094941498, 8.460880362005147);
INSERT INTO orbita_planeta VALUES('Id cum.', 'Gl 260', 894.9130279273691, 1343.3952480247367, 7.173258745478758);
INSERT INTO orbita_planeta VALUES('Eum ad.', 'Gl 273', 482.8206182942104, 1006.5833803291357, 9.524442293038176);
INSERT INTO orbita_planeta VALUES('Ea aut.', 'Gl 273', 166.93512796725074, 441.0837687243512, 9.674869412849414);
INSERT INTO orbita_planeta VALUES('Cum et.', 'Gl 273', 45.445225803575795, 611.619994167956, 7.943903801774531);
INSERT INTO orbita_planeta VALUES('At non.', 'Gl 273', 740.7151968369894, 1138.2090248879745, 6.846942792271811);
INSERT INTO orbita_planeta VALUES('Odit a.', 'Gl 532', 165.51822005022265, 916.2460114585108, 3.841504198498918);
INSERT INTO orbita_planeta VALUES('Ut quo.', 'Gl 532', 400.84895944012976, 672.3431483964843, 1.8406634035408898);
INSERT INTO orbita_planeta VALUES('Non at.', 'Gl 532', 571.8979777232387, 1164.0107327292073, 0.08861324780844226);
INSERT INTO orbita_planeta VALUES('Ab nam.', 'Gl 532', 503.81776472742865, 1224.3969308795572, 2.5883461761035145);
INSERT INTO orbita_planeta VALUES('K2-43 c', 'Gl 532', 296.363686831703, 564.87833902542, 1.1910339572361928);
INSERT INTO orbita_planeta VALUES('K2-49 b', 'Gl 53A', 533.5657912359891, 825.4090866245883, 6.396153431247135);
INSERT INTO orbita_planeta VALUES('Hic et.', 'Gl 53A', 927.2479573858633, 1197.6828128572868, 7.906213183069227);
INSERT INTO orbita_planeta VALUES('K2-16 c', 'Gl 538', 534.5949241234722, 535.9948855998391, 3.4746189886840337);
INSERT INTO orbita_planeta VALUES('K2-62 b', 'Gl 538', 324.5618722084622, 1270.9896995775987, 8.83986387768947);
INSERT INTO orbita_planeta VALUES('K2-38 b', 'Gl 534', 408.34288223337944, 1019.8249160739116, 3.246351404880082);
INSERT INTO orbita_planeta VALUES('Aut ex.', 'Gl 534', 625.9553046220701, 636.3634961832607, 3.554831536060541);
INSERT INTO orbita_planeta VALUES('SOI-3 b', 'Gl 534', 176.73523914804457, 1148.3399441214328, 5.373886947133957);
INSERT INTO orbita_planeta VALUES('K2-37 b', 'Gl 275', 722.6021941436067, 1410.7175851445702, 9.456563044624382);
INSERT INTO orbita_planeta VALUES('Ut est.', 'Gl 275', 870.0257884430113, 1504.3313296926865, 5.5087780360995975);
INSERT INTO orbita_planeta VALUES('K2-32 d', 'Gl 275', 220.63903752165302, 489.43254000083834, 5.816637995079208);
INSERT INTO orbita_planeta VALUES('Ex qui.', 'Gl 275', 155.6414771531217, 387.36461979052274, 7.262861239455906);
INSERT INTO orbita_planeta VALUES('K2-62 b', 'Gl 275', 148.3341895205389, 627.3410767008304, 4.959611757212396);
INSERT INTO orbita_planeta VALUES('Est ab.', 'Gl 510', 815.5979876395476, 991.7085398078864, 5.6965798505036815);
INSERT INTO orbita_planeta VALUES('K2-59 c', 'Gl 510', 647.5642717036922, 668.6115756050085, 1.629186487589258);
INSERT INTO orbita_planeta VALUES('Eum in.', 'Gl 510', 817.4992009565035, 1504.866026356961, 1.8784801713715582);
INSERT INTO orbita_planeta VALUES('K2-63 c', 'Gl 510', 72.0486896216499, 317.3025241599916, 9.091310549163724);
INSERT INTO orbita_planeta VALUES('Ipsa a.', 'Gl 299', 724.3069226054739, 861.5982178862629, 7.504442021846229);
INSERT INTO orbita_planeta VALUES('Iste a.', 'Gl 299', 603.293516484871, 981.1686462441122, 0.20715915486481107);
INSERT INTO orbita_planeta VALUES('Fugiat.', 'Gl 299', 770.1176262169745, 1037.7741025852497, 9.385983916177182);
INSERT INTO orbita_planeta VALUES('Iste a.', 'Gl 557', 792.400434362596, 801.7966071067635, 7.916606970603684);
INSERT INTO orbita_planeta VALUES('K2-90 c', 'Gl 557', 852.7202137370091, 937.6854070259436, 1.3923009842951162);
INSERT INTO orbita_planeta VALUES('Ea non.', 'Gl 557', 815.4649225111636, 1122.8499151386377, 4.789083835073807);
INSERT INTO orbita_planeta VALUES('K2-74 b', 'Gl 557', 55.87550657634755, 747.9167044981052, 6.274858530134924);
INSERT INTO orbita_planeta VALUES('6 Lyn b', 'Gl 557', 21.207905001378812, 65.7337526063636, 5.44642100458879);
INSERT INTO orbita_planeta VALUES('Ex hic.', 'Gl 785', 141.83502645202284, 1054.0019886607167, 0.24000869890117182);
INSERT INTO orbita_planeta VALUES('K2-72 c', 'Gl 782', 147.37651015303953, 802.7411076438136, 2.258843922741034);
INSERT INTO orbita_planeta VALUES('K2-27 b', 'Gl 782', 686.7662883119576, 1401.6174875721988, 9.01614651921456);
INSERT INTO orbita_planeta VALUES('W0336 b', 'Gl 782', 169.55906145846876, 279.69471525617314, 1.0173625466575087);
INSERT INTO orbita_planeta VALUES('A odio.', 'Gl 782', 357.3079040370132, 973.0046720058822, 1.1835097045074028);
INSERT INTO orbita_planeta VALUES('K2-91 b', 'Gl 793', 604.506381981842, 782.5741587559236, 5.3048064064118305);
INSERT INTO orbita_planeta VALUES('K2-59 c', 'Gl 740', 679.4333117100934, 829.65334742041, 6.672733849820548);
INSERT INTO orbita_planeta VALUES('Ad non.', 'Gl 740', 624.7582720038483, 911.7638257589058, 8.754021682137441);
INSERT INTO orbita_planeta VALUES('K2-38 c', 'Gl 740', 916.2343554142919, 1577.9660706845168, 9.32881834100194);
INSERT INTO orbita_planeta VALUES('Et vel.', 'Gl 740', 788.8561263842788, 1650.5701015537506, 9.78049420927785);
INSERT INTO orbita_planeta VALUES('Ab non.', 'Gl 740', 320.2560033483817, 710.8555778449444, 7.213434636358226);
INSERT INTO orbita_planeta VALUES('Eum ad.', 'Gl 806', 113.16403432073352, 540.6171943055704, 7.267077287918041);
INSERT INTO orbita_planeta VALUES('Sint a.', 'Gl 806', 90.44701846728775, 1085.218701143482, 1.8187233632456812);
INSERT INTO orbita_planeta VALUES('K2-72 c', 'Gl 806', 352.6087576099915, 846.815233999102, 4.812885500000479);
INSERT INTO orbita_planeta VALUES('Non ea.', 'Gl 806', 601.7431154362976, 1238.3473003429676, 1.3822127731249423);
INSERT INTO orbita_planeta VALUES('K2-27 b', 'Gl 728', 418.6596315304879, 915.7619259363896, 5.337706468448147);
INSERT INTO orbita_planeta VALUES('K2-29 b', 'Gl 728', 384.62725344015445, 965.5911907444802, 4.218407610576297);
INSERT INTO orbita_planeta VALUES('K2-43 c', 'Gl 739', 703.093313330786, 938.2863823246929, 0.028661057597373363);
INSERT INTO orbita_planeta VALUES('A amet.', 'Gl 739', 362.39844231586505, 836.3247924744355, 1.335926795073159);
INSERT INTO orbita_planeta VALUES('Unde a.', 'Gl 739', 59.5773898911619, 408.92492437526914, 8.487514991263234);
INSERT INTO orbita_planeta VALUES('K2-13 b', 'Gl 739', 294.697288128647, 438.83753043145464, 8.533122059069601);
INSERT INTO orbita_planeta VALUES('K2-24 c', 'Gl 739', 242.49740847004475, 1070.3192162165385, 0.558656658753407);
INSERT INTO orbita_planeta VALUES('K2-83 c', 'Gl 481', 962.0519853814001, 1666.0148414884306, 3.7746078322143495);
INSERT INTO orbita_planeta VALUES('K2-36 c', 'Gl 481', 696.1225343116611, 1120.8312760039971, 0.5408334509582635);
INSERT INTO orbita_planeta VALUES('Rem id.', 'Gl 769', 476.8265697169094, 1070.7522161894601, 1.5817319624264337);
INSERT INTO orbita_planeta VALUES('Quo at.', 'Gl 53A', 141.27749263490207, 386.3232966963841, 0.12477700182669915);
INSERT INTO orbita_planeta VALUES('Non ex.', 'Gl 53A', 149.71722487671445, 332.14173641191735, 7.43557938487175);
INSERT INTO orbita_planeta VALUES('Vel et.', 'Gl 740', 470.1845006013101, 1192.7419211630483, 4.439736364885933);
INSERT INTO orbita_planeta VALUES('Iste a.', 'Gl 740', 286.7690705602367, 442.65640654614157, 8.811571422402135);
INSERT INTO orbita_planeta VALUES('K2-57 b', 'Gl 740', 604.1735988194713, 777.7538020493712, 1.6034878798475538);
INSERT INTO orbita_planeta VALUES('Ex qui.', 'Gl 740', 832.6800944180843, 1512.5836385180257, 8.759765137307085);
INSERT INTO orbita_planeta VALUES('K2-45 b', 'Gl 740', 919.1502300803745, 1421.0226675726403, 7.09352815354726);
INSERT INTO orbita_planeta VALUES('K2-46 b', 'Gl 355', 271.82760814668484, 363.7641332642985, 3.775602800989618);
INSERT INTO orbita_planeta VALUES('Rem ad.', 'Gl 355', 743.134738593282, 1143.5371624746024, 0.5599682196159961);
INSERT INTO orbita_planeta VALUES('Ad nam.', 'Gl 355', 183.69377272207254, 929.6895101554121, 5.592942878982678);
INSERT INTO orbita_planeta VALUES('Et vel.', 'Gl 355', 816.5588355990245, 1284.9949312943431, 3.131896604053672);
INSERT INTO orbita_planeta VALUES('K2-58 b', 'Gl 270', 164.82435952627395, 968.1636201303435, 6.466471956984839);
INSERT INTO orbita_planeta VALUES('Ad qui.', 'Gl 270', 269.91956016719996, 374.3196218178381, 3.6270162912599857);
INSERT INTO orbita_planeta VALUES('Ut non.', 'Gl 270', 28.04885983116856, 310.2557912639551, 5.415679149811307);
INSERT INTO orbita_planeta VALUES('Sit id.', 'Gl 270', 211.90994677775166, 222.88695986294883, 9.0968701473713);
INSERT INTO orbita_planeta VALUES('Ad cum.', 'Gl 743', 638.3889610260867, 670.7557526941378, 2.691680124777507);
INSERT INTO orbita_planeta VALUES('K2-91 b', 'Gl 743', 563.7393220252839, 1353.9650251738797, 0.45680612683660526);
INSERT INTO orbita_planeta VALUES('Et a a.', 'Gl 253', 943.5091414198641, 951.9878721918648, 3.5664914363383815);
INSERT INTO orbita_planeta VALUES('A odio.', 'Gl 253', 958.7390228967099, 1458.9551060871786, 3.144724425065686);
INSERT INTO orbita_planeta VALUES('Ad nam.', 'Gl 253', 725.6881248640811, 1699.5388678115173, 7.026568105420949);
INSERT INTO orbita_planeta VALUES('GPX-1 b', 'Gl 275', 407.28656125449515, 1148.737902939987, 1.0100288318229544);
INSERT INTO orbita_planeta VALUES('K2-30 b', 'Gl 357', 587.1755093043245, 969.2872410492772, 5.863582035065616);
INSERT INTO orbita_planeta VALUES('Eum et.', 'Gl 357', 290.11938096003973, 441.65719183979155, 4.6310622303748765);
INSERT INTO orbita_planeta VALUES('K2-12 b', 'Gl 538', 884.4020680758892, 1691.8781019531707, 6.542201499705211);
INSERT INTO orbita_planeta VALUES('Eum ex.', '3C 273', 447.48020757251874, 578.6777818528753, 2.9084158957240245);
INSERT INTO orbita_planeta VALUES('Ad sed.', '3C 273', 40.01290269702618, 752.7753834788123, 6.828734754594733);
INSERT INTO orbita_planeta VALUES('In cum.', 'Gl 336', 997.0094979583265, 1603.8865423603766, 9.580156516462669);
INSERT INTO orbita_planeta VALUES('Eum ea.', 'Gl 336', 97.40604314749268, 112.34779616705293, 7.663173144344797);
INSERT INTO orbita_planeta VALUES('Quo in.', 'Gl 769', 498.9122606375366, 953.7201181637695, 1.697176391933558);
INSERT INTO orbita_planeta VALUES('K2-98 b', 'Gl 769', 161.47248497725897, 441.5898073067773, 3.633282657963669);
INSERT INTO orbita_planeta VALUES('Est ex.', 'Gl 769', 71.13392039527177, 781.7889522845055, 4.607411493207819);
INSERT INTO orbita_planeta VALUES('Ut est.', 'Gl 279', 763.1463697303672, 1205.1917577307665, 9.241607721183243);
INSERT INTO orbita_planeta VALUES('6 Lyn b', 'Gl 279', 971.6806454117108, 1459.9396408224559, 3.634721104726437);
INSERT INTO orbita_planeta VALUES('Facere.', 'Gl 279', 400.9392142968865, 1257.940173363065, 9.17140116397923);
INSERT INTO orbita_planeta VALUES('Sit in.', 'Gl 279', 440.8276778961141, 953.3069298533193, 6.246319111588966);
INSERT INTO orbita_planeta VALUES('Ab cum.', 'Gl 295', 83.49054815024803, 496.6847836087891, 4.500922729285614);
INSERT INTO orbita_planeta VALUES('Rem ab.', 'Gl 295', 620.6137238251539, 1264.4805091208987, 7.410425602688687);
INSERT INTO orbita_planeta VALUES('K2-95 b', 'Gl 295', 699.745296100043, 1260.5456995157747, 1.5456223378375011);
INSERT INTO orbita_planeta VALUES('Cum et.', 'Gl 254', 375.8216884598568, 945.9554147533045, 8.538291906787357);
INSERT INTO orbita_planeta VALUES('In sit.', 'Gl 546', 874.1588850489152, 1543.3094468398517, 3.4893796194998616);
INSERT INTO orbita_planeta VALUES('Ut rem.', 'Gl 546', 642.4844826394003, 1542.6109981045538, 4.64852996983521);
INSERT INTO orbita_planeta VALUES('K2-59 c', 'Gl 268', 731.7781232919419, 1649.2384751729403, 9.224907487403218);
INSERT INTO orbita_planeta VALUES('A et a.', 'Gl 555', 401.52047074378004, 465.9920010418108, 3.424235433074699);
INSERT INTO orbita_planeta VALUES('K2-58 c', 'Gl 555', 212.63518707670892, 953.9199484773748, 1.1432643442135348);
INSERT INTO orbita_planeta VALUES('Illo a.', 'Gl 555', 38.28233886570642, 194.0234563769019, 4.699675451629891);
INSERT INTO orbita_planeta VALUES('Ex eos.', 'Gl 555', 320.1866192237032, 351.509873241315, 6.010774133667761);
INSERT INTO orbita_planeta VALUES('K2-36 b', 'Gl 518', 936.459666554135, 1297.9524254656785, 4.301097391438545);
INSERT INTO orbita_planeta VALUES('Est et.', 'Gl 518', 213.42083106992771, 424.913718716041, 0.2294273639205846);
INSERT INTO orbita_planeta VALUES('Et non.', 'Gl 518', 269.8481101697033, 905.5354031039543, 0.835912834237359);
INSERT INTO orbita_planeta VALUES('Ad sit.', 'Gl 518', 273.90531752309556, 355.6144289926086, 8.7377588981544);
INSERT INTO orbita_planeta VALUES('Itaque.', 'Gl 554', 524.7779430009789, 1194.422342681723, 2.594472258096805);
INSERT INTO orbita_planeta VALUES('Id hic.', 'Gl 554', 92.44126003203223, 994.0829971692775, 3.420191478980017);
INSERT INTO orbita_planeta VALUES('Id vel.', 'Gl 554', 164.53328131590263, 513.8095404248456, 4.19101077926347);
INSERT INTO orbita_planeta VALUES('A ab a.', 'Gl 554', 535.506290859211, 1319.3636823409768, 9.655898339799798);
INSERT INTO orbita_planeta VALUES('J1433 b', 'Gl 485', 912.5978178747105, 1482.9146868142439, 8.230156973744297);
INSERT INTO orbita_planeta VALUES('K2-35 b', 'Gl 485', 77.8087133372104, 745.7712017090099, 6.165123741672726);
INSERT INTO orbita_planeta VALUES('Aut ab.', 'Gl 485', 664.0629394826884, 1487.566761116214, 7.343565876993265);
INSERT INTO orbita_planeta VALUES('Eum at.', 'Gl 485', 14.186778295831925, 910.6878907171289, 9.338193993828192);
INSERT INTO orbita_planeta VALUES('Eum at.', 'Gl 481', 113.60687607539299, 1083.583000793771, 4.0638663815559966);
INSERT INTO orbita_planeta VALUES('Qui ex.', 'Gl 481', 988.238606233589, 1931.5623513092828, 8.572670677730232);
INSERT INTO orbita_planeta VALUES('Rem ex.', 'Gl 481', 638.9163953770511, 1217.2934119917718, 0.36485971649160676);
INSERT INTO orbita_planeta VALUES('Ea sed.', 'Gl 481', 420.17610890005585, 966.2623366030341, 1.6610102803217885);
INSERT INTO orbita_planeta VALUES('Nam id.', 'Gl 781', 348.08555401685135, 1300.4624351927791, 9.717445051642375);
INSERT INTO orbita_planeta VALUES('Sed ea.', 'Gl 781', 370.2564151121627, 734.0508686748938, 3.0194447112571376);
INSERT INTO orbita_planeta VALUES('Vel ea.', 'Gl 781', 502.08520009407033, 1369.8433484419945, 6.9931714608617614);
INSERT INTO orbita_planeta VALUES('Ab nam.', 'Gl 781', 414.0537262736768, 765.7827046707124, 8.2818586038401);
INSERT INTO orbita_planeta VALUES('Ut non.', 'Gl 736', 113.3799994464878, 289.19380445161767, 4.283836139226071);
INSERT INTO orbita_planeta VALUES('Eum in.', 'Gl 736', 552.753572127907, 715.4107104067108, 4.358761637029299);
INSERT INTO orbita_planeta VALUES('Quo in.', 'Gl 284', 805.9397625717112, 909.7518021380339, 6.496245862277336);
INSERT INTO orbita_planeta VALUES('K2-66 b', 'Gl 703', 103.67530209127752, 853.6189813027655, 6.238256910981901);
INSERT INTO orbita_planeta VALUES('Ipsa a.', 'Gl 703', 633.5251513429236, 1136.8866713742682, 8.058706449913645);
INSERT INTO orbita_planeta VALUES('Cum et.', 'Gl 703', 851.7052562582556, 1063.5763827228561, 7.768802527683219);
INSERT INTO orbita_planeta VALUES('K2-37 d', 'Gl 703', 114.50110521584922, 970.843737312663, 9.505514958831709);
INSERT INTO orbita_planeta VALUES('Ab vel.', 'Gl 703', 967.6161020528615, 1881.645420623558, 4.129347421824452);
INSERT INTO orbita_planeta VALUES('Ad eum.', 'Gl 336', 939.6168095964475, 1721.8128636373608, 5.075608140498728);
INSERT INTO orbita_planeta VALUES('Eos ad.', 'Gl 336', 879.6071608266371, 1144.1062313771138, 8.384841747781117);
INSERT INTO orbita_planeta VALUES('Ex hic.', 'Gl 336', 673.3008119579736, 677.4583692978448, 9.090590507876623);
INSERT INTO orbita_planeta VALUES('K2-57 b', 'Gl 336', 15.530064897588014, 168.90541327563622, 3.7440574050523057);
INSERT INTO orbita_planeta VALUES('Eum at.', 'Gl 306', 335.08993812211406, 1294.2505310669405, 9.928291248531615);
INSERT INTO orbita_planeta VALUES('A nisi.', 'Gl 306', 555.7395813874178, 947.1019742351077, 6.162679168912347);
INSERT INTO orbita_planeta VALUES('Ab eum.', 'Gl 306', 828.5498995451702, 1629.881545778523, 5.778536157988193);
INSERT INTO orbita_planeta VALUES('WTS-1 b', 'Gl 306', 939.3917146047464, 1329.8034117641234, 7.281127063461934);
INSERT INTO orbita_planeta VALUES('Quae a.', 'Gl 306', 904.1713723400603, 1421.4484503609583, 4.374015870017521);
INSERT INTO orbita_planeta VALUES('Rem ad.', 'Gl 253', 504.2570465681905, 1135.6981150456254, 7.842812939883185);
INSERT INTO orbita_planeta VALUES('Non at.', 'Gl 754', 948.7003037512646, 1152.4628804300653, 0.9326540697843);
INSERT INTO orbita_planeta VALUES('K2-25 b', 'Gl 754', 11.53812280963451, 781.570354269313, 1.5304861238463463);
INSERT INTO orbita_planeta VALUES('K2-60 b', 'Gl 754', 571.7938347339991, 597.083711063448, 7.341691637825072);
INSERT INTO orbita_planeta VALUES('K2-81 b', 'Gl 561', 186.55517130882947, 839.0778909447127, 2.2175522369833667);
INSERT INTO orbita_planeta VALUES('Ad qui.', 'Gl 561', 535.4172202978789, 780.6716380027636, 7.800289527110561);
INSERT INTO orbita_planeta VALUES('Et qui.', 'Gl 561', 770.3915853834131, 1429.649280847822, 2.74964824937011);
INSERT INTO orbita_planeta VALUES('K2-63 c', 'Gl 561', 627.4380089576604, 1265.8245787615974, 5.793545757751096);
INSERT INTO orbita_planeta VALUES('Unde a.', 'Gl 321', 459.12772362827525, 1055.0221655509124, 1.0707665340479744);
INSERT INTO orbita_planeta VALUES('Ea eos.', 'Gl 519', 894.6047885762728, 987.3819295913659, 4.942450511800022);
INSERT INTO orbita_planeta VALUES('XO-2N b', 'Gl 519', 912.7191293114116, 1120.6915842675871, 1.0067171969292277);
INSERT INTO orbita_planeta VALUES('Ea aut.', 'Gl 519', 413.74512816649644, 900.2624231039965, 6.256827568733146);
INSERT INTO orbita_planeta VALUES('Itaque.', 'Gl 305', 375.2543694504612, 688.839305365572, 9.083023998951802);
INSERT INTO orbita_planeta VALUES('K2-32 c', 'Gl 305', 179.8064358439667, 189.94672747249263, 1.7867707207550398);
INSERT INTO orbita_planeta VALUES('K2-57 b', 'Gl 754', 117.2071395510127, 460.0175914887744, 3.467837235622926);
INSERT INTO orbita_planeta VALUES('Quo ea.', 'Gl 754', 158.38826836458253, 900.0850973743914, 9.265831792473318);
INSERT INTO orbita_planeta VALUES('K2-28 b', 'Gl 754', 606.1107742008212, 1142.064951752077, 5.1799492174196775);
INSERT INTO orbita_planeta VALUES('K2-88 b', 'Gl 754', 216.3065289473105, 581.197172266712, 8.98572372026427);
INSERT INTO orbita_planeta VALUES('Id est.', 'Gl 754', 327.5397281241791, 547.3008395881039, 7.277438990146049);
INSERT INTO orbita_planeta VALUES('Eos ad.', 'Gl 53B', 273.66648228149757, 472.90401484671395, 0.919698428254826);
INSERT INTO orbita_planeta VALUES('Ea nam.', 'Gl 53B', 467.0437480896298, 1276.0554793551278, 4.360619896103184);
INSERT INTO orbita_planeta VALUES('K2-28 b', 'Gl 514', 250.0931484472715, 447.96959206474537, 8.46035777682922);
INSERT INTO orbita_planeta VALUES('SOI-3 b', 'Gl 514', 961.8712990941548, 1064.7659001981776, 7.931532320860688);
INSERT INTO orbita_planeta VALUES('Aut ut.', 'Gl 514', 165.6531154669786, 371.4849185039222, 7.2206034874790745);
INSERT INTO orbita_planeta VALUES('Eos ab.', 'Gl 514', 882.8573334675858, 1306.5946552342737, 7.470792701220059);
INSERT INTO orbita_planeta VALUES('A modi.', 'Gl 556', 607.2956501174408, 1036.6086258200303, 5.671420347162746);
INSERT INTO orbita_planeta VALUES('Ab cum.', 'Gl 556', 897.8946777634208, 1717.2363675904626, 4.494033840838748);
INSERT INTO orbita_planeta VALUES('Et sit.', 'Gl 556', 958.0974393439054, 1211.1611001061353, 4.0980826536918835);
